,free_cash_flow_equity,gross_margin,market_cap,net_income_margin,pe,px,roa,Price Momentum 12M,Price Momentum 12M-1M,Price to 52W High,Price to 52W Low,Return 1D,Return 1M,Return 1Q,Max Daily Return over 1M,Realized Volatility 1M,Realized Volatility 3M
12/7/2018,4321.0,55.1024,189406.152,12.7473,24.5786,112.48299999999999,10.2699,0.005407676218738278,-0.0004379770821787421,0.9573510136687831,1.2352895956423378,-0.008733278107760367,0.005848214684920805,0.03008296855253767,0.031028975587497065,0.012564624721944426,0.012315893499316798
12/10/2018,4321.0,55.1024,189406.152,12.7473,24.5786,112.84299999999999,10.2699,0.015112942255966377,0.018297455088473802,0.9604149999148892,1.239243119769817,0.0032004836286372296,-0.003127291359311779,0.02866024302865111,0.031028975587497065,0.01228918672862291,0.012309786178726962
12/11/2018,4321.0,55.1024,189406.152,12.7473,24.5786,113.911,10.2699,0.021779105334445825,0.010970282464591197,0.9695048257783376,1.2509719080146722,0.009464477193977583,0.010691533724912494,0.028096175021209868,0.031028975587497065,0.012418346427648047,0.012303091566234449
12/12/2018,4321.0,55.1024,189406.152,12.7473,24.5786,113.62899999999999,10.2699,0.019249571683574995,0.012432388794704208,0.9671047032188876,1.24787498078148,-0.002475616929006108,0.006733469774694578,0.02931345284574216,0.031028975587497065,0.012434146702906868,0.012297539694584334
12/13/2018,4321.0,55.1024,189406.152,12.7473,24.5786,114.94,10.2699,0.028490640323562078,0.005735709939511224,0.9782627197984578,1.2622723978123833,0.011537547633086787,0.02262515903449369,0.033698164452798274,0.031028975587497065,0.012616773428919054,0.012347103877583645
12/14/2018,4321.0,55.1024,189406.152,12.7473,24.5786,110.667,10.2699,-0.013144166718684569,0.003575855396331429,0.9418949052717586,1.2153462628214986,-0.03717591787019314,-0.016660446766540438,0.007666742544957916,0.031028975587497065,0.015135092784231485,0.013138670018395991
12/17/2018,4321.0,55.1024,189406.152,12.7473,24.5786,109.618,10.2699,-0.022907975897600408,0.01646343637465697,0.9329667897935213,1.2038261327944826,-0.009478887111785905,-0.03873372210286319,-3.648902592567893e-05,0.031028975587497065,0.014898416631012283,0.013192975104222035
12/18/2018,4321.0,55.1024,189406.152,12.7473,24.5786,108.618,10.2699,-0.036425251055675734,0.01727227564671252,0.9244557168876708,1.1928441213292627,-0.009122589355762711,-0.05278579588562071,-0.021626928723912142,0.031028975587497065,0.01488111999758065,0.01314211187778214
12/19/2018,4321.0,55.1024,189406.152,12.7473,24.5786,106.87,10.2699,-0.05193215286895414,-0.008454277704836533,0.9095783614482442,1.1736475652880582,-0.016093096908431304,-0.0438485832639951,-0.03478111650003157,0.031028975587497065,0.014300055642234714,0.013289724845811764
12/20/2018,4321.0,55.1024,189406.152,12.7473,24.5786,107.035,10.2699,-0.03550349177742729,0.0009191259292635756,0.9109826884777095,1.1754595971798194,0.0015439318798540214,-0.036389171475643134,-0.01055677269659916,0.031028975587497065,0.01428698195452794,0.012975433824536017
12/21/2018,4321.0,55.1024,189406.152,12.7473,24.5786,106.26799999999999,10.2699,-0.03989736547287781,0.003550648693578351,0.904454695558922,1.1670363943859956,-0.0071658803195217,-0.04329429134744389,-0.015015571703989372,0.031028975587497065,0.014330711294452828,0.013002208091629967
12/24/2018,4321.0,55.1024,189406.152,12.7473,24.5786,102.975,10.2699,-0.07420726609067785,-0.00024274245026012498,0.8764277324799564,1.1308726306310264,-0.030987691496969894,-0.0739824823294547,-0.04151347326290322,0.031028975587497065,0.015633835241703475,0.013562501379378847
12/25/2018,4321.0,55.1024,189406.152,12.7473,24.5786,102.975,10.2699,-0.07686308259150687,0.0007799263104109055,0.8764277324799564,1.1308726306310264,0.0,-0.0775825002687307,-0.03762581658115349,0.031028975587497065,0.015564021486401333,0.013555438613051961
12/26/2018,4321.0,55.1024,189406.152,12.7473,24.5786,105.209,10.2699,-0.05140203768821561,0.011585970606798224,0.8954414693516265,1.155406444244328,0.02169458606457897,-0.0622665894202058,-0.02334670082804191,0.031028975587497065,0.016433690718731762,0.013812936316500216
12/27/2018,4321.0,55.1024,189406.152,12.7473,24.5786,106.26799999999999,10.2699,-0.04257887813755712,0.028704254284015462,0.904454695558922,1.1670363943859956,0.010065678791738142,-0.06929409703976197,-0.0038059883383018134,0.031028975587497065,0.016034641529499925,0.013819480085785834
12/28/2018,4321.0,55.1024,189406.152,12.7473,24.5786,107.18,10.2699,-0.02943040840351352,0.031947840260798666,0.9122167940490579,1.1770519888422766,0.008582075507208353,-0.059478053317889024,0.023139486043758817,0.031028975587497065,0.01624202816737431,0.013665370015916476
12/31/2018,4321.0,55.1024,189406.152,12.7473,24.5786,107.29700000000001,10.2699,-0.023383030236833857,0.069430032949229,0.9132125895790424,1.1783368841837074,0.0010916215711886945,-0.08678741042095761,0.035685328185328435,0.02169458606457897,0.014326137651725548,0.013586085555069275
1/1/2019,4321.0,55.1024,189406.152,12.7473,24.5786,107.29700000000001,10.2699,-0.02754314095127597,0.039026247099767986,0.9132125895790424,1.1783368841837074,0.0,-0.06406901484621685,0.04452751574623037,0.02169458606457897,0.01358699994503634,0.013536273084414841
1/2/2019,4321.0,55.1024,189406.152,12.7473,24.5786,106.132,10.2699,-0.038101798143851395,0.02872136020881677,0.9032971896437265,1.1655428408267259,-0.010857712703989941,-0.06495749085943348,0.034344300639326475,0.02169458606457897,0.013612246758768749,0.01361371823226216
1/3/2019,4321.0,55.1024,189406.152,12.7473,24.5786,105.141,10.2699,-0.050962658073600675,0.024533564407376307,0.8948627163940287,1.154659667464693,-0.009337428862171593,-0.07368838377163989,0.008585461312664133,0.02169458606457897,0.013658211475087301,0.013526918777105103
1/4/2019,4321.0,55.1024,189406.152,12.7473,24.5786,107.29700000000001,10.2699,-0.04223051380012122,0.01290748741386083,0.9132125895790424,1.1783368841837074,0.0205057969773923,-0.054435377267038954,0.029939142621282944,0.02169458606457897,0.014625765449031967,0.013765316531849656
1/7/2019,4321.0,55.1024,189406.152,12.7473,24.5786,106.374,10.2699,-0.04943434668382407,0.0051561131664072946,0.9053568692869423,1.168200487601309,-0.008602290837581794,-0.05431042913151318,0.028493526835352334,0.02169458606457897,0.014623028367182636,0.013779116583941898
1/8/2019,4321.0,55.1024,189406.152,12.7473,24.5786,107.39399999999999,10.2699,-0.049265662762595364,-0.0010269212723201804,0.9140381636509097,1.1794021392958334,0.009588809295504541,-0.04828832980335507,0.060891040205472535,0.02169458606457897,0.014813904777420448,0.013538434278615633
1/9/2019,4321.0,55.1024,189406.152,12.7473,24.5786,104.39299999999999,10.2699,-0.08601971668213415,-0.0026878425467088407,0.8884964338604523,1.1464451228887083,-0.02794383298880765,-0.08355646074567002,0.02909051477691671,0.02169458606457897,0.015565089162738906,0.014020663851325823
1/10/2019,4321.0,55.1024,189406.152,12.7473,24.5786,105.03399999999999,10.2699,-0.07881881407810853,-0.0034379631822208934,0.8939520315931025,1.1534845922379142,0.006140258446447611,-0.07564090153041914,0.03198105699604037,0.02169458606457897,0.01572088400846341,0.014034132872308754
1/11/2019,4321.0,55.1024,189406.152,12.7473,24.5786,105.044,10.2699,-0.07751754177973336,0.009387816037445873,0.8940371423221611,1.1535944123525665,9.520726621858877e-05,-0.08609709413607103,0.01516308287025847,0.02169458606457897,0.015363505773489904,0.01388262150655804
1/14/2019,4321.0,55.1024,189406.152,12.7473,24.5786,104.228,10.2699,-0.0828633023890184,-0.02620440846495664,0.887092106830987,1.144633090996947,-0.007768173336887396,-0.058183559688073316,-0.001274422437500644,0.02169458606457897,0.013421634167931927,0.013878962999423173
1/15/2019,4321.0,55.1024,189406.152,12.7473,24.5786,105.85,10.2699,-0.07516622543751583,-0.04224441473792728,0.9008970670842766,1.1624459135935339,0.015562037072571755,-0.034373916692513995,0.017837396028655084,0.02169458606457897,0.013899124389591145,0.014006935803298398
1/16/2019,4321.0,55.1024,189406.152,12.7473,24.5786,105.219,10.2699,-0.06462854145738695,-0.03441225364257838,0.895526580080685,1.15551626435898,-0.00596126594237123,-0.03129315583052539,-0.009880586059904606,0.02169458606457897,0.01383020342100259,0.013754854111604436
1/17/2019,4321.0,55.1024,189406.152,12.7473,24.5786,106.073,10.2699,-0.05876872293604041,-0.0516965997018527,0.9027950363422812,1.164894902150278,0.008116404831826962,-0.007457658837840442,0.00627063332447908,0.02169458606457897,0.013552282763933467,0.013754130354504481
1/18/2019,4321.0,55.1024,189406.152,12.7473,24.5786,106.899,10.2699,-0.05466877724816721,-0.05346609952158188,0.9098251825625139,1.1739660436205497,0.0077870900229088935,-0.0012706124164992838,0.007388210903265469,0.02169458606457897,0.013662061629773854,0.013763339692435598
1/21/2019,4321.0,55.1024,189406.152,12.7473,24.5786,106.899,10.2699,-0.05466877724816721,-0.060248848170780356,0.9098251825625139,1.1739660436205497,0.0,0.005937817593254957,-0.017851564653350804,0.02169458606457897,0.01356250419275899,0.013370973109313528
1/22/2019,4321.0,55.1024,189406.152,12.7473,24.5786,106.743,10.2699,-0.043084205147513654,-0.07686308259150687,0.9084974551892011,1.1722528498319753,-0.0014593214155418366,0.03659140568099062,-0.01832879635079465,0.02169458606457897,0.011526813284809114,0.013371567520389052
1/23/2019,4321.0,55.1024,189406.152,12.7473,24.5786,107.54,10.2699,-0.00047401734345808855,-0.04290321681181519,0.915280780295164,1.1810055129697556,0.007466531763206996,0.044331148336975046,0.010495851460680772,0.02169458606457897,0.011584298057723262,0.013129308846847697
1/24/2019,4321.0,55.1024,189406.152,12.7473,24.5786,106.345,10.2699,-0.0037472481146658687,-0.014389432760316678,0.9051100481726726,1.1678820092688178,-0.011112144318393247,0.010797555342223486,-0.022330704028536208,0.0205057969773923,0.01101217914170989,0.01290292785816421
1/25/2019,4321.0,55.1024,189406.152,12.7473,24.5786,106.2,10.2699,-0.004583415347411579,-0.003946048796033441,0.9038759426013243,1.1662896176063609,-0.001363486764774935,-0.0006398915948355732,-0.031216361679225035,0.0205057969773923,0.01079976936063201,0.012862043658071469
1/28/2019,4321.0,55.1024,189406.152,12.7473,24.5786,105.685,10.2699,0.020716631253621776,0.03515549546069163,0.8994927400548113,1.1606338817017725,-0.004849340866290075,-0.013948497854077258,-0.023992685832494365,0.0205057969773923,0.010664548810314334,0.01278637173716708
1/29/2019,4321.0,55.1024,189406.152,12.7473,24.5786,105.86,10.2699,0.012936808665365396,0.026686952195047464,0.9009821778133351,1.162555733708186,0.0016558641245210115,-0.01339273232243221,-0.014751733445018345,0.0205057969773923,0.01066977130352936,0.012753010141260311
1/30/2019,4321.0,55.1024,189406.152,12.7473,24.5786,107.62700000000001,10.2699,0.022943932783971777,0.019807438244323627,0.9160212436379731,1.18196094796723,0.016691857169847113,0.0030755752723747865,0.004761149023964517,0.0205057969773923,0.011317780469952738,0.012922154105490918
1/31/2019,4321.0,55.1024,189406.152,12.7473,24.5786,109.42399999999999,10.2699,0.03807003064196324,0.006839893369762207,0.9313156416497863,1.20169562257023,0.016696553838720707,0.03101797761278391,-0.007221919796770115,0.0205057969773923,0.011565348716550017,0.01256851101967247
2/1/2019,4321.0,55.1024,189406.152,12.7473,24.5786,108.958,10.2699,0.06236227842670772,0.025145765488192362,0.92734948167566,1.1965780052274375,-0.004258663547302199,0.03630363036303619,-0.018484821187280454,0.0205057969773923,0.011378558763333444,0.012545292187108103
2/4/2019,4321.0,55.1024,189406.152,12.7473,24.5786,109.83200000000001,10.2699,0.05292826259934236,0.028625935903212607,0.9347881593953734,1.2061762832480398,0.008021439453734569,0.023626010046879253,-0.014031150410700577,0.016696553838720707,0.010653271812578344,0.012579940750185424
2/5/2019,4321.0,55.1024,189406.152,12.7473,24.5786,109.647,10.2699,0.05030892284113242,0.018956846592269816,0.9332136109077911,1.2041446111269742,-0.0016843907058052832,0.030768796886457395,-0.019511933398313364,0.016696553838720707,0.010440926095732963,0.012570663653772449
2/6/2019,4321.0,55.1024,189406.152,12.7473,24.5786,109.79299999999999,10.2699,0.05170745725369996,0.028727429474591615,0.9344562275520452,1.205747984800896,0.0013315457787261842,0.022338305678156978,-0.03007146832513241,0.016696553838720707,0.010275090582318387,0.012470910928422854
2/7/2019,4321.0,55.1024,189406.152,12.7473,24.5786,109.83200000000001,10.2699,0.06726265669031206,0.014410650082596455,0.9347881593953734,1.2061762832480398,0.0003552139025257972,0.05210119452453732,-0.02549997338207366,0.016696553838720707,0.00784299752525436,0.012461070018955047
2/8/2019,4321.0,55.1024,189406.152,12.7473,24.5786,109.759,10.2699,0.08116707217368191,0.03462406052069067,0.9341668510732463,1.2053745964110787,-0.0006646514676962312,0.04498543328826865,-0.02755406710434216,0.016696553838720707,0.007823486211202779,0.012459046068638634
2/11/2019,4321.0,55.1024,189406.152,12.7473,24.5786,109.715,10.2699,0.06827453920528148,0.022793881386132808,0.9337923638653889,1.2048913879066092,-0.0004008782878852646,0.044467080461521036,-0.0238618468464461,0.016696553838720707,0.007830672343596416,0.0124494747190685
2/12/2019,4321.0,55.1024,189406.152,12.7473,24.5786,110.512,10.2699,0.07191216124464095,0.010960445401462682,0.9405756889713517,1.2136440510443893,0.0072642756232055294,0.060290900717657525,-0.018037710365907844,0.016696553838720707,0.007565803702789218,0.012484536853407403
2/13/2019,4321.0,55.1024,189406.152,12.7473,24.5786,110.83200000000001,10.2699,0.06280026466442301,0.015026418495823979,0.9432992323012239,1.2171582947132598,0.0028956131460837753,0.04706660368445936,-0.028087867759898133,0.016696553838720707,0.00698141621463368,0.012371820262658989
2/14/2019,4321.0,55.1024,189406.152,12.7473,24.5786,109.346,10.2699,0.049023370044898096,0.009430523043861827,0.93065177796313,1.200839025675943,-0.013407680092392127,0.03922295402921527,-0.046437198594239226,0.016696553838720707,0.0075808614855448365,0.012455395439783287
2/15/2019,4321.0,55.1024,189406.152,12.7473,24.5786,112.571,10.2699,0.09138591303504784,0.028387221872121726,0.9580999880844979,1.2362560126512774,0.029493534285661926,0.06125969850951707,0.007157491657048709,0.029493534285661926,0.009623027987141609,0.012620648456683965
2/18/2019,4321.0,55.1024,189406.152,12.7473,24.5786,112.571,10.2699,0.09950870750026852,0.04410888526415513,0.9580999880844979,1.2362560126512774,0.0,0.05305942992918555,0.013450129189661153,0.029493534285661926,0.0095743539134024,0.01259407223295736
2/19/2019,4321.0,55.1024,189406.152,12.7473,24.5786,112.59,10.2699,0.09041780463710869,0.03530129583357566,0.9582616984697091,1.2364646708691165,0.00016878236846085137,0.053237167793898976,0.013621181702782703,0.029493534285661926,0.009572213729143159,0.012594027423127284
2/20/2019,4321.0,55.1024,189406.152,12.7473,24.5786,112.493,10.2699,0.08559875703270525,0.030109145652992053,0.9574361243978415,1.23539941575699,-0.0008615329958255868,0.05386770092652449,0.011609503426197154,0.029493534285661926,0.00956068193340039,0.012594397290583037
2/21/2019,4321.0,55.1024,189406.152,12.7473,24.5786,112.755,10.2699,0.08662760441763195,0.036370294701540073,0.9596660254991743,1.2382767027608776,0.002329033806548031,0.04849358378277846,0.010023648285499176,0.029493534285661926,0.009493939874783253,0.012588617822949406
2/22/2019,4321.0,55.1024,189406.152,12.7473,24.5786,113.396,10.2699,0.09022035918932425,0.02243010421874403,0.9651216232318246,1.2453161721100838,0.005684892022526755,0.06630307019606008,0.010704576852800907,0.029493534285661926,0.009002313581204902,0.012593048020312693
2/25/2019,4321.0,55.1024,189406.152,12.7473,24.5786,112.71600000000001,10.2699,0.062025948573959155,0.0006312833897093029,0.9593340936558463,1.2378484043137343,-0.005996684186390988,0.06135593220338986,-0.012821860220704084,0.029493534285661926,0.009172341138515101,0.012416175521120267
2/26/2019,4321.0,55.1024,189406.152,12.7473,24.5786,112.62899999999999,10.2699,0.05687448389760519,-0.00828578935515345,0.9585936303130372,1.23689296931626,-0.0007718513786864056,0.06570468846099242,-0.011662191333649319,0.029493534285661926,0.00904279919631818,0.012414288881596782
2/27/2019,4321.0,55.1024,189406.152,12.7473,24.5786,112.046,10.2699,0.04944411662779702,-0.008495134264332682,0.9536316748089265,1.230490456632037,-0.005176286746752523,0.05843566975250347,-0.04636832519107348,0.029493534285661926,0.00921756492250292,0.01177087577614478
2/28/2019,4321.0,55.1024,189406.152,12.7473,24.5786,113.219,10.2699,0.0524950730673408,0.0005112854646192044,0.963615163327489,1.2433723560807397,0.010468914552951292,0.051957222630009126,-0.012412553863331177,0.029493534285661926,0.00883914204000341,0.01145759022601524
3/1/2019,4321.0,55.1024,189406.152,12.7473,24.5786,113.74700000000001,10.2699,0.06669480001875572,0.026154639658648504,0.9681090098217783,1.2491708581343761,0.004663528206396705,0.039506872349758915,0.0021320646667548626,0.029493534285661926,0.008239210278244615,0.011403900349878406
3/4/2019,4321.0,55.1024,189406.152,12.7473,24.5786,113.73700000000001,10.2699,0.07250490343995186,0.02744040434520234,0.9680238990927197,1.2490610380197238,-8.791440653388438e-05,0.04386093724187301,0.0020439628210211502,0.029493534285661926,0.00813345911420743,0.011403917925867159
3/5/2019,4321.0,55.1024,189406.152,12.7473,24.5786,113.6,10.2699,0.07457716901888056,0.038934503764803896,0.9668578821046181,1.2475565024489885,-0.001204533265340313,0.03430694151067071,0.001110386520260187,0.029493534285661926,0.008045026171539947,0.011405008804900313
3/6/2019,4321.0,55.1024,189406.152,12.7473,24.5786,114.21700000000001,10.2699,0.09294381076322455,0.0492134272372351,0.972109214087528,1.2543324035230294,0.005431338028169197,0.04167920690944582,0.015415662811269382,0.029493534285661926,0.00804794477323072,0.011367984211594758
3/7/2019,4321.0,55.1024,189406.152,12.7473,24.5786,113.669,10.2699,0.09224649030931387,0.0550019698469284,0.9674451461351218,1.2483142612400888,-0.00479788472819298,0.03530279708178119,0.00731990464627863,0.029493534285661926,0.008182543440228082,0.01137980253592021
3/8/2019,4321.0,55.1024,189406.152,12.7473,24.5786,112.81700000000001,10.2699,0.09562979508594749,0.06664076915606487,0.9601937120193372,1.2389575874717216,-0.007495447307533154,0.027177871658532915,-0.009603989079193354,0.029493534285661926,0.00842216687192352,0.011357200594471418
3/11/2019,4321.0,55.1024,189406.152,12.7473,24.5786,114.149,10.2699,0.11677575259507122,0.07382622562687735,0.97153046112993,1.2535856267433945,0.011806731255041392,0.03999672008673549,0.004576296544016145,0.029493534285661926,0.008710638289784266,0.011450960509481564
3/12/2019,4321.0,55.1024,189406.152,12.7473,24.5786,114.12899999999999,10.2699,0.13540858353727692,0.09149605045862441,0.971360239671813,1.2533659865140898,-0.00017520959447747675,0.040231508909447156,-0.007055855228815133,0.029493534285661926,0.008707790018447056,0.011357584476776978
3/13/2019,4321.0,55.1024,189406.152,12.7473,24.5786,114.139,10.2699,0.12850250143362785,0.0926420280397855,0.9714453504008715,1.2534758066287421,8.762014912955252e-05,0.03281996525264219,0.03137339947771234,0.029493534285661926,0.008627848736758967,0.010315362022827306
3/14/2019,4321.0,55.1024,189406.152,12.7473,24.5786,113.08200000000001,10.2699,0.10943018601365684,0.08735578055097726,0.9624491463393876,1.2418678205100049,-0.009260638344474659,0.0203009961022087,0.03160064952836228,0.029493534285661926,0.008937008559046038,0.010311978171923725
3/15/2019,4321.0,55.1024,189406.152,12.7473,24.5786,113.238,10.2699,0.09528277249557493,0.05763780746128622,0.9637768737127003,1.243581014298579,0.0013795298986576388,0.03559343734567322,0.04253438656576258,0.029493534285661926,0.008305707151781324,0.010237772491282748
3/18/2019,4321.0,55.1024,189406.152,12.7473,24.5786,114.814,10.2699,0.11083805801195856,0.08913678670252922,0.9771903246123206,1.2608886643677657,0.013917589501757366,0.019925202760924243,0.0743333021427901,0.013917589501757366,0.006102911710670712,0.01014091217604643
3/19/2019,4321.0,55.1024,189406.152,12.7473,24.5786,115.617,10.2699,0.11860717119139319,0.08913678670252922,0.9840247161557186,1.2697072195743373,0.006993920602017312,0.027058478649030437,0.08017938057644702,0.013917589501757366,0.0062373923335334435,0.010167197159591876
3/20/2019,4321.0,55.1024,189406.152,12.7473,24.5786,115.84200000000001,10.2699,0.14276413139982247,0.11068363421130512,0.9859397075595351,1.272178172154012,0.0019460805936843961,0.028883559818811744,0.09009297248466175,0.013917589501757366,0.006233465345708936,0.010109820721783614
3/21/2019,4321.0,55.1024,189406.152,12.7473,24.5786,116.939,10.2699,0.14143622680553247,0.0980390242950151,0.9952763545372529,1.284225438731358,0.009469795065692788,0.039522459175237445,0.13560572954600625,0.013917589501757366,0.006451963471175326,0.00926791438102204
3/22/2019,4321.0,55.1024,189406.152,12.7473,24.5786,118.19200000000001,10.2699,0.13282343243813144,0.08071194433262407,1.0,1.2979858990972788,0.010714988156218297,0.04821959114895136,0.14777373148822548,0.013917589501757366,0.006735268693145783,0.009327575763776635
3/25/2019,4321.0,55.1024,189406.152,12.7473,24.5786,118.319,10.2699,0.13004402930193026,0.08302531923631618,1.0,1.2993806145533617,0.001074522810342371,0.04341422977882825,0.12460911138780895,0.013917589501757366,0.006693283927364918,0.008989293284724656
3/26/2019,4321.0,55.1024,189406.152,12.7473,24.5786,119.465,10.2699,0.15425120772946865,0.08904347826086956,1.0,1.3119659996925037,0.009685680237324634,0.05987614890521309,0.12418602025068703,0.013917589501757366,0.006625468490990024,0.008983855407298345
3/27/2019,4321.0,55.1024,189406.152,12.7473,24.5786,119.338,10.2699,0.15217811075924903,0.08740441801189447,0.9989369271334699,1.3105712842364208,-0.0010630728665300682,0.059567251773521956,0.11343534241462949,0.013917589501757366,0.0066336047257913285,0.008950257906679974
3/28/2019,4321.0,55.1024,189406.152,12.7473,24.5786,119.289,10.2699,0.15149379796322227,0.08157729620155418,0.9985267651613443,1.3100331656746251,-0.0004105984682162278,0.06464309301536875,0.111764541413087,0.013917589501757366,0.006426081539241892,0.00895403060927109
3/29/2019,4321.0,55.1024,189406.152,12.7473,24.5786,119.984,10.2699,0.16587797459990483,0.10014283909710131,1.0,1.317665663642953,0.00582618682359648,0.05975145514445446,0.11824188933520952,0.013917589501757366,0.006233501379267756,0.008966032236042984
4/1/2019,4321.0,55.1024,189406.152,12.7473,24.5786,119.445,10.2699,0.16460126946364673,0.10904517223560184,0.995507734364582,1.3117463594631993,-0.004492265635418047,0.050093628842958315,0.12543813364489487,0.013917589501757366,0.006413203912278094,0.008856111848124957
4/2/2019,4321.0,55.1024,189406.152,12.7473,24.5786,119.132,10.2699,0.15145657342792518,0.09931182463126564,0.9928990532070944,1.3083089898745857,-0.0026204529281258493,0.04743399245628077,0.13306892648919066,0.013917589501757366,0.0064847489677669025,0.008758339514435765
4/3/2019,4321.0,55.1024,189406.152,12.7473,24.5786,119.015,10.2699,0.14341848645844335,0.0913946986655394,0.9919239231897586,1.3070240945331548,-0.0009821038847664942,0.047667253521126884,0.10921088194450901,0.013917589501757366,0.006479039132668664,0.008439538546614767
4/4/2019,4321.0,55.1024,189406.152,12.7473,24.5786,118.927,10.2699,0.1535894774620976,0.10790257340459619,0.9911904920656088,1.3060576775242154,-0.0007394025963113338,0.04123729392297104,0.11800815988869462,0.013917589501757366,0.006466976705279042,0.008342586310894934
4/5/2019,4321.0,55.1024,189406.152,12.7473,24.5786,119.073,10.2699,0.1754143510063868,0.12206943525858072,0.9924073209761302,1.3076610511981375,0.0012276438487475172,0.04754154606796934,0.10874909212805184,0.013917589501757366,0.006283880773225254,0.008283077639888017
4/8/2019,4321.0,55.1024,189406.152,12.7473,24.5786,119.445,10.2699,0.19483234635083235,0.1285311299615879,0.995507734364582,1.3117463594631993,0.003124133934645057,0.05875001107989042,0.14418591284856275,0.013917589501757366,0.005875909488283213,0.007365315838625955
4/9/2019,4321.0,55.1024,189406.152,12.7473,24.5786,119.61200000000001,10.2699,0.23257970775540504,0.17628449537313728,0.9968995866115483,1.3135803553778913,0.0013981330319394747,0.04785850073150022,0.13879315269341364,0.013917589501757366,0.0054996962432130566,0.007348265032001666
4/10/2019,4321.0,55.1024,189406.152,12.7473,24.5786,119.485,10.2699,0.2300668128519514,0.17492819419994432,0.9958411121482865,1.3121856399218081,-0.0010617663779555198,0.04692935187375702,0.13747572445832223,0.013917589501757366,0.005522542046525097,0.007354777535517677
4/11/2019,4321.0,55.1024,189406.152,12.7473,24.5786,119.12200000000001,10.2699,0.24011784669519143,0.18824239774300677,0.9928157087611683,1.3081991697599336,-0.003038038247478614,0.043657295052523803,0.14289826150362694,0.013917589501757366,0.005623538496821477,0.007276417917960669
4/12/2019,4321.0,55.1024,189406.152,12.7473,24.5786,119.671,10.2699,0.24939707463746208,0.1806061618450041,0.9973913188425124,1.3142282940543393,0.004608720471449335,0.05826745193753213,0.13057156353330202,0.013917589501757366,0.0050094291084455235,0.007078918902039621
4/15/2019,4321.0,55.1024,189406.152,12.7473,24.5786,121.071,10.2699,0.23818533252881435,0.158077745165216,1.0,1.3296031101056471,0.011698740714124467,0.06917289249191971,0.15065720069569188,0.013917589501757366,0.005365611638587002,0.007109201130200359
4/16/2019,4321.0,55.1024,189406.152,12.7473,24.5786,119.84700000000001,10.2699,0.24434915328148876,0.192092448579112,0.9898902296999282,1.3161611280722179,-0.010109770300071763,0.04383611754664085,0.12985396849339614,0.011698740714124467,0.005526153119308601,0.0072365265298448495
4/17/2019,4321.0,55.1024,189406.152,12.7473,24.5786,124.351,10.2699,0.3009604117843989,0.20958528624037487,1.0,1.3656241077115685,0.03758124942635188,0.07554252402328365,0.16325690605150656,0.03758124942635188,0.009496465926565634,0.008488398239198648
4/18/2019,4321.0,55.1024,189406.152,12.7473,24.5786,124.429,10.2699,0.32554596782784695,0.23406839245765432,1.0,1.3664807046058558,0.0006272567168741361,0.07412682792078851,0.16398656675927747,0.03758124942635188,0.009511716382932349,0.008485859575571153
4/19/2019,4321.0,55.1024,189406.152,12.7473,24.5786,124.429,10.2699,0.3514461665453834,0.2700959042478086,1.0,1.3664807046058558,0.0,0.06405048786119272,0.16568767975417598,0.03758124942635188,0.009436397504476765,0.008477008109281436
4/22/2019,4321.0,55.1024,189406.152,12.7473,24.5786,123.792,10.2699,0.33943584250332703,0.27884355287218265,0.9948806146477107,1.3594851633025107,-0.005119385352289285,0.04738053336943282,0.15112516273014687,0.03758124942635188,0.00942191862518144,0.008505647698931243
4/23/2019,4321.0,55.1024,189406.152,12.7473,24.5786,124.429,10.2699,0.32742673650746235,0.2622443645518844,1.0,1.3664807046058558,0.005145728318469711,0.051640057809819284,0.1700503079599418,0.03758124942635188,0.00943842848820791,0.008338013457003867
4/24/2019,4321.0,55.1024,189406.152,12.7473,24.5786,124.262,10.2699,0.3358919778967513,0.28432131415425,0.9986578691462601,1.364646708691164,-0.001342130853739909,0.04015402000585944,0.1700753295668549,0.03758124942635188,0.009321322763968952,0.00833785305778094
4/25/2019,4321.0,55.1024,189406.152,12.7473,24.5786,123.48899999999999,10.2699,0.347338905012329,0.302049010408711,0.9924454910029011,1.356157613828549,-0.0062207271732308556,0.034783555950326006,0.1684628849884089,0.03758124942635188,0.009470525551489736,0.008359192431794253
4/26/2019,4321.0,55.1024,189406.152,12.7473,24.5786,123.75299999999999,10.2699,0.3590568648553669,0.31003316567462513,0.994567182891448,1.3500720020946062,0.002137842236960452,0.037421723712999455,0.16902512752692211,0.03758124942635188,0.009458832501380837,0.008358620227857261
4/29/2019,4321.0,55.1024,189406.152,12.7473,24.5786,124.037,10.2699,0.34663279375522493,0.3026305789879382,0.9968496090139759,1.3531702740443359,0.0022948938611591085,0.03377950393385798,0.15247103422003772,0.03758124942635188,0.009414830296471907,0.008159229271376885
4/30/2019,4321.0,55.1024,189406.152,12.7473,24.5786,125.369,10.2699,0.35886624756123986,0.2946564058096681,1.0,1.3677016058648979,0.010738731185049533,0.04959604839047271,0.1457175756689575,0.03758124942635188,0.009506268051540508,0.008022916296854622
5/1/2019,4321.0,55.1024,189406.152,12.7473,24.5786,124.57600000000001,10.2699,0.3541605522039242,0.2949834230121202,0.9936746723671722,1.3590504451038576,-0.006325327632827782,0.04569720981768133,0.1433396354558638,0.03758124942635188,0.00963660905231355,0.008053886133677014
5/2/2019,4321.0,55.1024,189406.152,12.7473,24.5786,124.17399999999999,10.2699,0.35466486297783195,0.29838322569383835,0.9904681380564573,1.349233427140265,-0.0032269458001542572,0.0433474772087552,0.13058125136572207,0.03758124942635188,0.009685690189884369,0.008046528584124125
5/3/2019,4321.0,55.1024,189406.152,12.7473,24.5786,124.99700000000001,10.2699,0.35817587169819554,0.2922212684580534,0.9970327592945626,1.3537190261653094,0.006627796479134362,0.05103971343765501,0.13999471029759136,0.03758124942635188,0.009712356848900811,0.008053593774365618
5/6/2019,4321.0,55.1024,189406.152,12.7473,24.5786,124.605,10.2699,0.34382684094732774,0.2841659117380615,0.9939059895189402,1.3494736614105007,-0.003136075265806504,0.04645889496359379,0.13490841856948999,0.03758124942635188,0.009785491525469262,0.008080215163216683
5/7/2019,4321.0,55.1024,189406.152,12.7473,24.5786,123.34200000000001,10.2699,0.3357953560907989,0.2935907988216946,0.9838317287367692,1.3089461954791468,-0.01013602985433959,0.03262589476328026,0.12300604559691175,0.03758124942635188,0.010144762159323228,0.008222407993977115
5/8/2019,4321.0,55.1024,189406.152,12.7473,24.5786,123.381,10.2699,0.30936007640878693,0.26936219887509294,0.9841428104236295,1.303852982203999,0.0003161939971785266,0.03151021636625084,0.1241082735812098,0.03758124942635188,0.010148469218599764,0.008218447374490345
5/9/2019,4321.0,55.1024,189406.152,12.7473,24.5786,123.411,10.2699,0.304170013103944,0.26268123599780213,0.9843821040289067,1.3009255355034577,0.0002431492693364401,0.03285768088044527,0.12483252062161054,0.03758124942635188,0.010135814659111887,0.008215950042093417
5/10/2019,4321.0,55.1024,189406.152,12.7473,24.5786,125.33,10.2699,0.31759882253994953,0.2523338940285955,0.9996889183131396,1.3211544948557936,0.015549667371628217,0.052114638773694155,0.13408498624583753,0.03758124942635188,0.010516031925872363,0.00836807717726554
5/13/2019,4321.0,55.1024,189406.152,12.7473,24.5786,124.49700000000001,10.2699,0.3123735031202566,0.26150067465002547,0.9930445325399422,1.310674092244202,-0.006646453363121196,0.04032723049026088,0.12329471632741451,0.03758124942635188,0.010687215269762726,0.008438278569347247
5/14/2019,4321.0,55.1024,189406.152,12.7473,24.5786,124.742,10.2699,0.31325339256950935,0.27460599871561353,0.9949987636497061,1.3132533925695093,0.001967918905676269,0.030321051283957345,0.1408007608874582,0.03758124942635188,0.010451199978415412,0.008208146090302805
5/15/2019,4321.0,55.1024,189406.152,12.7473,24.5786,126.64200000000001,10.2699,0.33325612978618135,0.26172002484550516,1.0,1.3236133320791397,0.015231437687386773,0.05669728904353044,0.12499666876904358,0.03758124942635188,0.010509572656828893,0.007616520869547173
5/16/2019,4321.0,55.1024,189406.152,12.7473,24.5786,127.542,10.2699,0.33224003760380216,0.2989084451872357,1.0,1.3330197849057788,0.007106647083905848,0.02566123312237134,0.13299162306455492,0.015549667371628217,0.006951187038101417,0.007640522813734738
5/17/2019,4321.0,55.1024,189406.152,12.7473,24.5786,127.777,10.2699,0.32511640930444785,0.29039584348781977,1.0,1.3354759142549566,0.0018425303037430396,0.026906910768389913,0.13488764543920406,0.015549667371628217,0.006950975132639986,0.0076369182082898415
5/20/2019,4321.0,55.1024,189406.152,12.7473,24.5786,127.26799999999999,10.2699,0.3284343914073671,0.29880066386230086,0.9960164974917237,1.3301560426007795,-0.003983502508276282,0.0228162245135779,0.13134150569368752,0.015549667371628217,0.007041646902721304,0.007666115523632694
5/21/2019,4321.0,55.1024,189406.152,12.7473,24.5786,126.348,10.2699,0.3188313518365813,0.29215160276818053,0.9888164536653701,1.3205405574891043,-0.007228839928340114,0.02064753780535078,0.1205534122655314,0.015549667371628217,0.007149006603715101,0.007753363103743467
5/22/2019,4321.0,55.1024,189406.152,12.7473,24.5786,127.346,10.2699,0.33097126851242176,0.3004839097398593,0.9966269359900451,1.3297760142014305,0.007898819134454005,0.023443088026103176,0.1230202123531694,0.015549667371628217,0.007253354486325415,0.0077760658975397235
5/23/2019,4321.0,55.1024,189406.152,12.7473,24.5786,127.249,10.2699,0.32876311804939173,0.29757218190361834,0.9958678009344404,1.320599437508432,-0.0007617043330768736,0.024037919878965308,0.12893466766031425,0.015549667371628217,0.007244567708807539,0.00771837316688894
5/24/2019,4321.0,55.1024,189406.152,12.7473,24.5786,126.788,10.2699,0.315815145760038,0.28157788225038116,0.9922599528866697,1.311514073215893,-0.00362281825397448,0.02671493007474357,0.1257136261531222,0.015549667371628217,0.007133622394866019,0.0077429425366921135
5/27/2019,4321.0,55.1024,189406.152,12.7473,24.5786,126.788,10.2699,0.311514073215893,0.2801195783724515,0.9922599528866697,1.2944948133627379,0.0,0.024524657988089338,0.13157096192635165,0.015549667371628217,0.007136027796347032,0.0076938359345188525
5/28/2019,4321.0,55.1024,189406.152,12.7473,24.5786,124.958,10.2699,0.2758106673201013,0.26640733480356116,0.9779381265799009,1.266911347230108,-0.014433542606555827,0.007425203769842792,0.10368401063425758,0.015549667371628217,0.007898177579655096,0.00788857109368837
5/29/2019,4321.0,55.1024,189406.152,12.7473,24.5786,125.486,10.2699,0.2722645794468326,0.2710783518533537,0.9820703256454605,1.2567954650161248,0.004225419741032965,0.0009332450605812337,0.10320272183002621,0.015549667371628217,0.007593134420298674,0.007886017355851921
5/30/2019,4321.0,55.1024,189406.152,12.7473,24.5786,125.917,10.2699,0.26111211265348633,0.2476814294012779,0.9854433896554153,1.2533170095653297,0.003434646095978877,0.010764513228872286,0.10708916183827588,0.015549667371628217,0.007479848742788242,0.007886412650498076
5/31/2019,4321.0,55.1024,189406.152,12.7473,24.5786,125.32,10.2699,0.24572564612326042,0.23433399602385685,0.9807711873028792,1.2473747598714002,-0.004741218421658755,0.009228985133763912,0.10316901408450696,0.015549667371628217,0.007525106649992036,0.00791955213052299
6/3/2019,4321.0,55.1024,189406.152,12.7473,24.5786,126.279,10.2699,0.25692018274657324,0.2441597738560921,0.9882764503783936,1.2539372033443885,0.00765240983083304,0.010256246149907389,0.10560599560485717,0.015549667371628217,0.007570252567896532,0.007941839181719253
6/4/2019,4321.0,55.1024,189406.152,12.7473,24.5786,126.367,10.2699,0.22880869725876885,0.2116747863123194,0.9889651502226535,1.2548110340992593,0.0006968696299465282,0.014140684563219708,0.11171031679701593,0.015549667371628217,0.007523931414695401,0.007900221157456885
6/5/2019,4321.0,55.1024,189406.152,12.7473,24.5786,128.639,10.2699,0.2773717554068278,0.22477310190058208,1.0,1.2721797521682803,0.017979377527360896,0.04294563084756198,0.14024482125920734,0.017979377527360896,0.007987312465231588,0.008071400962214722
6/6/2019,4321.0,55.1024,189406.152,12.7473,24.5786,130.16299999999998,10.2699,0.28543353742840183,0.2184574363025873,1.0,1.287251401841431,0.011847107020421355,0.05496794482132561,0.14029032229804894,0.017979377527360896,0.008255130569429883,0.008072184308088778
6/7/2019,4321.0,55.1024,189406.152,12.7473,24.5786,131.632,10.2699,0.3017791271497374,0.22047726890631636,1.0,1.3003259903190754,0.011285849281285953,0.06661480743207648,0.15336154702135318,0.017979377527360896,0.008448034926121412,0.008148461433236933
6/10/2019,4321.0,55.1024,189406.152,12.7473,24.5786,131.75,10.2699,0.2855790716509081,0.22293453548393405,1.0,1.3014916526721327,0.0008964385559742105,0.0512247666161334,0.1542943253401554,0.017979377527360896,0.007960222037600117,0.008145556585238451
6/11/2019,4321.0,55.1024,189406.152,12.7473,24.5786,131.366,10.2699,0.2684646060851852,0.2021378291474758,0.9970853889943075,1.2976983107774376,-0.002914611005692458,0.055174020257516165,0.16168797863497297,0.017979377527360896,0.007787677347939449,0.008038667596077053
6/12/2019,4321.0,55.1024,189406.152,12.7473,24.5786,131.30700000000002,10.2699,0.2606883971004754,0.1976573376218136,0.9966375711574954,1.297115479600909,-0.00044912686692144543,0.05262862548299707,0.15956657659089712,0.017979377527360896,0.00781513596386259,0.008045758874959359
6/13/2019,4321.0,55.1024,189406.152,12.7473,24.5786,131.109,10.2699,0.2697347395333973,0.22647374996368286,0.9951347248576851,1.2951595376864566,-0.0015079165619502621,0.03527265835978577,0.14192520075948933,0.017979377527360896,0.00728457396609833,0.00792289145964897
6/14/2019,4321.0,55.1024,189406.152,12.7473,24.5786,130.90200000000002,10.2699,0.26515700658180874,0.23268288439792384,0.993563567362429,1.2931146893213474,-0.0015788389813056192,0.026344263066284235,0.13220374166428828,0.017979377527360896,0.007207053257200357,0.007911781218121507
6/17/2019,4321.0,55.1024,189406.152,12.7473,24.5786,130.695,10.2699,0.258388777092019,0.23029299338526288,0.9919924098671726,1.2910698409562382,-0.0015813356556815261,0.022836660744891324,0.12821774485937731,0.017979377527360896,0.0072319885583822735,0.007924663981023141
6/18/2019,4321.0,55.1024,189406.152,12.7473,24.5786,130.241,10.2699,0.25182380023260076,0.22324852702300046,0.9885464895635675,1.2865850044453226,-0.0034737365622248273,0.023360153377125714,0.11375161408939727,0.017979377527360896,0.007214905438352092,0.007894220066561534
6/19/2019,4321.0,55.1024,189406.152,12.7473,24.5786,131.02100000000002,10.2699,0.25172921125038217,0.20708498929990804,0.9944667931688805,1.2942902301689223,0.005988897505393886,0.03698515211954301,0.10854372546365232,0.017979377527360896,0.0070237127528184635,0.007829767516321268
6/20/2019,4321.0,55.1024,189406.152,12.7473,24.5786,132.312,10.2699,0.27254890645738383,0.22478696597226255,1.0,1.3070433665909316,0.00985338228222954,0.03899612080473669,0.11826502928523741,0.017979377527360896,0.007121477331689059,0.007896886744299149
6/21/2019,4321.0,55.1024,189406.152,12.7473,24.5786,132.115,10.2699,0.2706542020120417,0.22385404043318524,0.998511094987605,1.3050973031709967,-0.0014889050123949588,0.03823998616885027,0.10588875402837661,0.017979377527360896,0.007136550713584555,0.007842358814892127
6/24/2019,4321.0,55.1024,189406.152,12.7473,24.5786,132.293,10.2699,0.26365208088565395,0.21106876426817966,0.9998564000241852,1.3068556751951004,0.001347311054762823,0.04341893554595089,0.10855720726005136,0.017979377527360896,0.007028875356467762,0.007834890238614558
6/25/2019,4321.0,55.1024,189406.152,12.7473,24.5786,131.967,10.2699,0.2604297994269342,0.21096466093600763,0.9973925267549428,1.3036352859824163,-0.0024642271321989595,0.04084771429472833,0.10627970726554836,0.017979377527360896,0.007085145217819684,0.00784793523316817
6/26/2019,4321.0,55.1024,189406.152,12.7473,24.5786,130.498,10.2699,0.2672169353272478,0.21342008156923664,0.9862899812564241,1.2891237775363034,-0.01113157077148097,0.04433489652523237,0.08762835044672612,0.017979377527360896,0.006731610701890498,0.00799134960138018
6/27/2019,4321.0,55.1024,189406.152,12.7473,24.5786,129.877,10.2699,0.20388016536586284,0.16317828738807205,0.9815965294153214,1.282989232440976,-0.004758693619825394,0.034991951293371404,0.08733726819875276,0.017979377527360896,0.006873066683285937,0.007994569284901951
6/28/2019,4321.0,55.1024,189406.152,12.7473,24.5786,129.32399999999998,10.2699,0.20247703351061852,0.17079815524231057,0.9774170143297658,1.277526424972834,-0.004257874758425428,0.02705750613499358,0.08555216062854631,0.017979377527360896,0.006978031446602683,0.008010368420061805
7/1/2019,4321.0,55.1024,189406.152,12.7473,24.5786,130.054,10.2699,0.22021335485021076,0.17579726598050338,0.9829342765584376,1.2847377259705621,0.00564473724907999,0.037775295244175,0.09275301432592542,0.017979377527360896,0.006896381754857485,0.008022949339331818
7/2/2019,4321.0,55.1024,189406.152,12.7473,24.5786,130.606,10.2699,0.2127847266716809,0.17260495306014434,0.987106233750529,1.2901906549441864,0.004244390791517283,0.034265396463386555,0.09820309938029204,0.017979377527360896,0.006790814711040137,0.00802568047682854
7/3/2019,4321.0,55.1024,189406.152,12.7473,24.5786,132.145,10.2699,0.22414288228700596,0.17061760646231106,0.9987378317915231,1.30539365800652,0.011783532150130949,0.04572396274343782,0.10978139460666991,0.017979377527360896,0.007136978099751961,0.008129014418238958
7/4/2019,4321.0,55.1024,189406.152,12.7473,24.5786,132.145,10.2699,0.2036817751220581,0.17174633826422814,0.9987378317915231,1.30539365800652,0.0,0.027254565100785832,0.10632508686006137,0.011847107020421355,0.006154610955024933,0.008129634909187436
7/5/2019,4321.0,55.1024,189406.152,12.7473,24.5786,131.188,10.2699,0.19548735146168972,0.18614675220529242,0.9915049277465383,1.295939938753334,-0.007242044723599239,0.00787474167005997,0.09677958733237446,0.011783532150130949,0.005924229854238104,0.008206254176290001
7/8/2019,4321.0,55.1024,189406.152,12.7473,24.5786,130.735,10.2699,0.18167849233967548,0.18978623401274453,0.9880812020073765,1.2914649807369358,-0.003453059731072794,-0.006814452412787109,0.09415407791773034,0.011783532150130949,0.005420530233355162,0.008223807063415276
7/9/2019,4321.0,55.1024,189406.152,12.7473,24.5786,129.92600000000002,10.2699,0.1719403954394576,0.18839298600086596,0.9819668661950541,1.2834732786723304,-0.006188090411901936,-0.013844402277039758,0.09069693255653877,0.011783532150130949,0.00556024707787292,0.008261101933998816
7/10/2019,4321.0,55.1024,189406.152,12.7473,24.5786,132.559,10.2699,0.21262212301950312,0.2017088074938711,1.0,1.309483354736738,0.020265381832735407,0.009081497495546653,0.1076952645168836,0.020265381832735407,0.0071589676105957185,0.008587849061006049
7/11/2019,4321.0,55.1024,189406.152,12.7473,24.5786,132.5,10.2699,0.20839033287733688,0.19751025991792082,0.999554915169849,1.3089005235602094,-0.0004450848301510435,0.009085578072760558,0.0943991542152951,0.020265381832735407,0.007158942144606194,0.008494689844511943
7/12/2019,4321.0,55.1024,189406.152,12.7473,24.5786,131.445,10.2699,0.19386920980926425,0.19081743869209822,0.9915961949018927,1.2984787118443148,-0.007962264150943477,0.0025627531290757233,0.09677338606723551,0.020265381832735407,0.007382490686979782,0.008451681089037327
7/15/2019,4321.0,55.1024,189406.152,12.7473,24.5786,132.303,10.2699,0.2038599077334644,0.19111183905222084,0.9980687844657851,1.3069544601402745,0.006527444938947857,0.010702663060915718,0.06394801811002715,0.020265381832735407,0.007498714185998969,0.007113095529869015
7/16/2019,4321.0,55.1024,189406.152,12.7473,24.5786,131.957,10.2699,0.20827572314144183,0.19672011061156836,0.9954586259703226,1.3035365010372417,-0.002615209027762022,0.009656069474731188,0.060500365670382195,0.020265381832735407,0.00751666711274414,0.0071276195273572715
7/17/2019,4321.0,55.1024,189406.152,12.7473,24.5786,130.951,10.2699,0.20011914035650458,0.19361224396279164,0.9878695524257123,1.2935987355527017,-0.0076236955978084,0.005451432344653284,0.052415433701146874,0.020265381832735407,0.007678739198885107,0.007208400856664239
7/18/2019,4321.0,55.1024,189406.152,12.7473,24.5786,131.05,10.2699,0.19245853010491465,0.19219465145269754,0.9886163896830846,1.2945767065099278,0.0007560079724477919,0.00022133856404704666,0.05863060617810523,0.020265381832735407,0.007568565820623353,0.007167993381563799
7/19/2019,4321.0,55.1024,189406.152,12.7473,24.5786,128.299,10.2699,0.18170598041834385,0.21866796842619118,0.9678633665009544,1.2674009680924627,-0.020991987790919486,-0.030329826470766097,0.03110207427528966,0.020265381832735407,0.008503695445461644,0.007659617814370802
7/22/2019,4321.0,55.1024,189406.152,12.7473,24.5786,128.486,10.2699,0.17228543014333542,0.20539583770517256,0.9692740590982128,1.269248246567223,0.0014575327944876815,-0.027468493358059454,0.033992692858637374,0.020265381832735407,0.008526970162245382,0.007656789794781905
7/23/2019,4321.0,55.1024,189406.152,12.7473,24.5786,128.94,10.2699,0.16014792020946356,0.1903168047795143,0.9726989491471723,1.2737330830781388,0.003533458898245856,-0.02534525636277063,0.044141583460875156,0.020265381832735407,0.008574003738521605,0.007615985564355746
7/24/2019,4321.0,55.1024,189406.152,12.7473,24.5786,127.431,10.2699,0.13602203738867646,0.17645957583375704,0.9613153388302567,1.2588264348513285,-0.011703117729176316,-0.03437222942099172,0.029720491624445566,0.020265381832735407,0.008874594646285344,0.007772290984720588
7/25/2019,4321.0,55.1024,189406.152,12.7473,24.5786,127.214,10.2699,0.16545431225607854,0.19554024589112617,0.9596783319125823,1.2566828015410452,-0.0017028823441705976,-0.025165136630446394,0.02561332505623315,0.020265381832735407,0.008604063149866264,0.007773675779590937
7/26/2019,4321.0,55.1024,189406.152,12.7473,24.5786,129.41299999999998,10.2699,0.19323043446190136,0.19750866710924253,0.9762671715990614,1.2784056109848856,0.017285833320231925,-0.0035726110088778462,0.03225677799136939,0.020265381832735407,0.009448638026666222,0.007955334076271707
7/29/2019,4321.0,55.1024,189406.152,12.7473,24.5786,129.719,10.2699,0.19383932926548653,0.19020403655539875,0.9785755776673029,1.281428430307221,0.002364522884099829,0.0030543441279269334,0.04128403544824022,0.020265381832735407,0.009414358691856087,0.007909668639347498
7/30/2019,4321.0,55.1024,189406.152,12.7473,24.5786,128.683,10.2699,0.19302263055913516,0.20573319859451344,0.9707601898022767,1.2711943099871579,-0.0079864938829316,-0.010541774955018735,0.036311949361379936,0.020265381832735407,0.00948890113269839,0.007970019960770285
7/31/2019,4321.0,55.1024,189406.152,12.7473,24.5786,126.05,10.2699,0.1670539872415675,0.20923643837899375,0.9508973362804487,1.2451842339227501,-0.020461133172213875,-0.034883542869393436,0.00842420218085227,0.020265381832735407,0.010367134938958904,0.0083605934214723
8/1/2019,4321.0,55.1024,189406.152,12.7473,24.5786,125.389,10.2699,0.16011768733288312,0.22262520470379266,0.9459108774206202,1.2386545490467251,-0.005243950813169418,-0.051125657421771664,0.006291882348220312,0.020265381832735407,0.009921197572864969,0.008378226587455911
8/2/2019,4321.0,55.1024,189406.152,12.7473,24.5786,126.15799999999999,10.2699,0.16362596616797953,0.21884742385950684,0.9517120678339456,1.246251111330633,0.006132914370478915,-0.04530629233039485,0.022830828103970857,0.020265381832735407,0.010085791249192021,0.0083069926443829
8/5/2019,4321.0,55.1024,189406.152,12.7473,24.5786,122.68700000000001,10.2699,0.12369255005403823,0.20155336960304804,0.925527500961836,1.2119628568606144,-0.027513118470489206,-0.06480013415861186,-0.005624853097316307,0.020265381832735407,0.01147164636799687,0.009020401738954326
8/6/2019,4321.0,55.1024,189406.152,12.7473,24.5786,124.709,10.2699,0.13515260192424972,0.19000373198860387,0.9407810861578618,1.2319371727748691,0.016480963753290778,-0.04609324205453791,0.01051770101530658,0.020265381832735407,0.012241787683246444,0.009257757800773099
8/7/2019,4321.0,55.1024,189406.152,12.7473,24.5786,126.02,10.2699,0.14828786470577504,0.18387913910301967,0.9506710219600328,1.244887879087227,0.010512473037230574,-0.03006326678263027,0.00550546557089282,0.020265381832735407,0.012507490085299057,0.009144179222776163
8/8/2019,4321.0,55.1024,189406.152,12.7473,24.5786,127.68700000000001,10.2699,0.17493282785527642,0.21976333321064434,0.9632465543644718,1.2613553294477922,0.013228059038248086,-0.03675344563552818,0.025623107384113553,0.017285833320231925,0.011981845886949033,0.009248911663699665
8/9/2019,4321.0,55.1024,189406.152,12.7473,24.5786,126.829,10.2699,0.18243350332366837,0.2353045375299503,0.9567739648005793,1.2528795811518323,-0.006719556415296868,-0.04280000000000006,0.01673053181767159,0.017285833320231925,0.012026798945292714,0.00929049128540409
8/12/2019,4321.0,55.1024,189406.152,12.7473,24.5786,126.58200000000001,10.2699,0.18339643808722483,0.22885990744636087,0.9549106435624892,1.250439593006026,-0.0019475041197201115,-0.036996462398721786,-0.0004737764722604343,0.017285833320231925,0.011949370640830957,0.009095411211502452
8/13/2019,4321.0,55.1024,189406.152,12.7473,24.5786,128.141,10.2699,0.19562397947282473,0.23445766270118962,0.966671444413431,1.2658401659587077,0.012316127095479468,-0.031458092409091254,0.004696492135923824,0.017285833320231925,0.012213120740946763,0.009184004833112132
8/14/2019,4321.0,55.1024,189406.152,12.7473,24.5786,127.34200000000001,10.2699,0.18541480488531437,0.2283754095918975,0.9606439396796899,1.2579472488392769,-0.006235318906516851,-0.034973514099289726,-0.00340436854833015,0.017285833320231925,0.012255870143923679,0.009215843961578717
8/15/2019,4321.0,55.1024,189406.152,12.7473,24.5786,128.92,10.2699,0.21349033782321003,0.2326076111409181,0.9725480729335616,1.27353551318779,0.012391826734305944,-0.015509618101427258,0.012980482132193494,0.017285833320231925,0.012540762917361574,0.009332223866017241
8/16/2019,4321.0,55.1024,189406.152,12.7473,24.5786,129.946,10.2699,0.2135412775494958,0.22385132611131886,0.9802880226917825,1.2836708485626789,0.007958423828731132,-0.008424265547501086,0.0284769050558773,0.017285833320231925,0.012679400121669765,0.009332134703993222
8/19/2019,4321.0,55.1024,189406.152,12.7473,24.5786,130.744,10.2699,0.22197506402228173,0.19912331532609318,0.9863079836148432,1.2915538871875925,0.006141012420543879,0.019057046430603464,0.02668320952365999,0.017285833320231925,0.011821628229566122,0.009312228838365619
8/20/2019,4321.0,55.1024,189406.152,12.7473,24.5786,130.241,10.2699,0.21672801330318947,0.20033257973505725,0.9825134468425382,1.2865850044453226,-0.0038472128740132394,0.01365907569696323,0.023512954915166473,0.017285833320231925,0.01186719287676045,0.009326864631150905
8/21/2019,4321.0,55.1024,189406.152,12.7473,24.5786,130.518,10.2699,0.2193157825900114,0.2045739055697764,0.9846030824010441,1.289321347426652,0.002126826421787298,0.012238250348999502,0.02941918793576681,0.017285833320231925,0.011854443647469749,0.009314871010157533
8/22/2019,4321.0,55.1024,189406.152,12.7473,24.5786,130.833,10.2699,0.23338926807194826,0.20131792299860463,0.9869793827654101,1.2924330731996443,0.0024134602123844218,0.026696800621512917,0.031903650187715016,0.017285833320231925,0.011514498266260827,0.00931773095305373
8/23/2019,4321.0,55.1024,189406.152,12.7473,24.5786,128.476,10.2699,0.18847014856339372,0.176795988973377,0.9691986209914076,1.2691494616220487,-0.018015332523140137,0.009920291791783997,0.028153459562412886,0.017285833320231925,0.012254960254140194,0.00942093305026191
8/26/2019,4321.0,55.1024,189406.152,12.7473,24.5786,131.898,10.2699,0.20606792121577855,0.18334522046048884,0.9950135411401715,1.3029536698607131,0.026635324885581735,0.019202089434601,0.05109733356709101,0.026635324885581735,0.01303844969812074,0.009971445958802323
8/27/2019,4321.0,55.1024,189406.152,12.7473,24.5786,132.904,10.2699,0.2234557672834392,0.19413605817914026,1.0,1.3128914353452532,0.007627105793871047,0.024553072410363974,0.05548893318614634,0.026635324885581735,0.013116583747591814,0.010002979266554727
8/28/2019,4321.0,55.1024,189406.152,12.7473,24.5786,133.328,10.2699,0.21838618294800316,0.1759389564104905,1.0,1.317079917020646,0.003190272678023298,0.03609645407707318,0.06390041493775933,0.026635324885581735,0.012949266759716693,0.009980634517095185
8/29/2019,4321.0,55.1024,189406.152,12.7473,24.5786,134.14700000000002,10.2699,0.2284748804923169,0.15432517079067387,1.0,1.325170404030426,0.006142745709828423,0.06423641412138048,0.06230648009566142,0.026635324885581735,0.011926567907767685,0.009966286676166338
8/30/2019,4321.0,55.1024,189406.152,12.7473,24.5786,134.847,10.2699,0.22924548081568674,0.14302773954183712,1.0,1.3320853501926306,0.005218156201778568,0.07542926413002737,0.06710612739085375,0.026635324885581735,0.011780986831901085,0.009980273474141403
9/2/2019,4321.0,55.1024,189406.152,12.7473,24.5786,134.847,10.2699,0.21705265438004306,0.13863066120327083,1.0,1.3320853501926306,0.0,0.06887395171134636,0.048259081615995125,0.026635324885581735,0.011789381980689588,0.00974350770747337
9/3/2019,4321.0,55.1024,189406.152,12.7473,24.5786,135.567,10.2699,0.22803982136548528,0.11136575688675943,1.0,1.3391978662451842,0.005339384635920652,0.10498259799326748,0.04151717461951576,0.026635324885581735,0.009452106936595353,0.009658574952090089
9/4/2019,4321.0,55.1024,189406.152,12.7473,24.5786,137.234,10.2699,0.234196397255223,0.12155441439658987,1.0,1.3556653166057493,0.012296502836236067,0.10043380990946926,0.04255804059803081,0.026635324885581735,0.00923533436824303,0.009677275760438217
9/5/2019,4321.0,55.1024,189406.152,12.7473,24.5786,135.034,10.2699,0.22953790120646467,0.1474618711586615,0.9839689872772053,1.333932628667391,-0.016031012722794724,0.07152832883669258,0.02492599620493352,0.026635324885581735,0.010157253126256515,0.009904288829408674
9/6/2019,4321.0,55.1024,189406.152,12.7473,24.5786,136.415,10.2699,0.2444126179051649,0.16479356333582662,0.9940320911727413,1.3475748295959695,0.010227053927159169,0.0683546484763522,0.03843460256078424,0.026635324885581735,0.010031575856413089,0.00997068204428325
9/9/2019,4321.0,55.1024,189406.152,12.7473,24.5786,135.451,10.2699,0.2200704383934282,0.14240805627865494,0.9870075928705713,1.3380519608811616,-0.007066671553714765,0.06798129765274497,0.03155962743798857,0.026635324885581735,0.010049010961524002,0.010017173646633197
9/10/2019,4321.0,55.1024,189406.152,12.7473,24.5786,134.915,10.2699,0.21851319984465456,0.1432519576232152,0.9831018552253813,1.332757087819816,-0.003957150556289757,0.06583084482785839,0.029029280979947947,0.026635324885581735,0.010109715849558481,0.010030005193584624
9/11/2019,4321.0,55.1024,189406.152,12.7473,24.5786,135.412,10.2699,0.2517633138282629,0.18454939589746422,0.9867234067359401,1.3376666995949817,0.0036838009116852977,0.05674218243965634,0.03445325510687369,0.026635324885581735,0.009888869118625757,0.01003429353927811
9/12/2019,4321.0,55.1024,189406.152,12.7473,24.5786,136.335,10.2699,0.26367158534776824,0.1803166246477832,0.993449145255549,1.3467845500345748,0.0068162348979410314,0.07062084779569977,0.04315390795363272,0.026635324885581735,0.0097091691707426,0.010060760894363615
9/13/2019,4321.0,55.1024,189406.152,12.7473,24.5786,135.491,10.2699,0.2611439475031416,0.19998138409270716,0.9872990658291677,1.3384471006618592,-0.006190633366340181,0.05096959354638564,0.0403098870555354,0.026635324885581735,0.009685841551986776,0.010084824497124252
9/16/2019,4321.0,55.1024,189406.152,12.7473,24.5786,133.942,10.2699,0.25178269361968586,0.2144372482500163,0.9760117755075273,1.3231453126543515,-0.011432493671166388,0.030751235128438026,0.02229413605452546,0.026635324885581735,0.010048424126404639,0.010175282037946666
9/17/2019,4321.0,55.1024,189406.152,12.7473,24.5786,134.756,10.2699,0.25093758122609655,0.2136942556904684,0.9819432502149612,1.331186407191544,0.006077257320332707,0.03068592057761732,0.01847149162585393,0.026635324885581735,0.010046958580400214,0.010129723894240227
9/18/2019,4321.0,55.1024,189406.152,12.7473,24.5786,134.558,10.2699,0.2613945291261226,0.2209254363762494,0.9805004590699097,1.3292304652770917,-0.0014693223307311598,0.03314624427023727,0.01849146576845917,0.026635324885581735,0.009997095241449204,0.010129667133847577
9/19/2019,4321.0,55.1024,189406.152,12.7473,24.5786,134.53799999999998,10.2699,0.2842987513841688,0.24592386116308385,0.9803547225906115,1.3290328953867427,-0.0001486347894589235,0.03080034937709719,0.01696990770486706,0.026635324885581735,0.010003446188927368,0.010129024487531335
9/20/2019,4321.0,55.1024,189406.152,12.7473,24.5786,133.773,10.2699,0.2912451737451738,0.26286679536679536,0.9747803022574579,1.3214758470809047,-0.005686125852918722,0.022471394831579117,0.01368523949169087,0.026635324885581735,0.010121634500615423,0.01015140571984491
9/23/2019,4321.0,55.1024,189406.152,12.7473,24.5786,134.498,10.2699,0.3093270251063538,0.25070334783836135,0.9800632496320153,1.3286377556060456,0.00541962877411728,0.04687256763909198,0.03065181075572032,0.026635324885581735,0.009153446040208553,0.010065474145340496
9/24/2019,4321.0,55.1024,189406.152,12.7473,24.5786,134.418,10.2699,0.3100148136597538,0.28545532512084826,0.9794803037148229,1.3278474760446508,-0.0005948043837081807,0.019105672565164156,0.03496385041231309,0.012296502836236067,0.0072539753946178655,0.01004383912698043
9/25/2019,4321.0,55.1024,189406.152,12.7473,24.5786,134.15,10.2699,0.28685992747923184,0.27490743050093025,0.9775274348922278,1.325200039513978,-0.0019937805948607723,0.009375188105700483,0.0373171259781635,0.012296502836236067,0.007112066528009301,0.010030235053473958
9/26/2019,4321.0,55.1024,189406.152,12.7473,24.5786,134.776,10.2699,0.29370884447772094,0.279809556720229,0.9820889866942595,1.3313839770818927,0.004666418188594923,0.01086043441737683,0.03630799514048011,0.012296502836236067,0.007147517912419914,0.010023102781426069
9/27/2019,4321.0,55.1024,189406.152,12.7473,24.5786,134.657,10.2699,0.30195210148220486,0.2970210873369623,0.9812218546424356,1.3302084362343178,-0.0008829465186680485,0.003801799518438731,0.031016951748005672,0.012296502836236067,0.007035652358660743,0.010013975980430653
9/30/2019,4321.0,55.1024,189406.152,12.7473,24.5786,136.14600000000002,10.2699,0.34491751457077946,0.33208535019263064,0.9920719355261816,1.3421068196604957,0.011057724440615813,0.009633139780640398,0.030277346853834874,0.012296502836236067,0.007352013336700816,0.010001234841448365
10/1/2019,4321.0,55.1024,189406.152,12.7473,24.5786,136.415,10.2699,0.34475858125825587,0.329301472762761,0.9940320911727413,1.3403059570245335,0.0019758200755071176,0.01162799320711616,0.032312989519088786,0.012296502836236067,0.007358171280699107,0.010002666661183499
10/2/2019,4321.0,55.1024,189406.152,12.7473,24.5786,133.00799999999998,10.2699,0.3068314681810589,0.3319741793493747,0.9692058819243042,1.2916533139111435,-0.024975259318989917,-0.018876275199716908,0.013873220111595419,0.012296502836236067,0.009135916657662599,0.010464446478956727
10/3/2019,4321.0,55.1024,189406.152,12.7473,24.5786,136.971,10.2699,0.32371104131432715,0.32625271804783784,0.9980835652972295,1.330138383102695,0.029795200288704526,-0.0019164347027704753,0.047699544880865696,0.029795200288704526,0.011003666080625264,0.011093034577441159
10/4/2019,4321.0,55.1024,189406.152,12.7473,24.5786,139.304,10.2699,0.33482814461340915,0.2939124768831267,1.0,1.352794367564943,0.01703280256404649,0.031621665654576026,0.0721795483582961,0.029795200288704526,0.010965658275927473,0.011241860989249975
10/7/2019,4321.0,55.1024,189406.152,12.7473,24.5786,137.378,10.2699,0.3210058175873838,0.31174575700754836,0.9861741227818296,1.3340907987375576,-0.013825877218170413,0.007059340981563578,0.03635362366946038,0.029795200288704526,0.011265081350881912,0.011127745203361215
10/8/2019,4321.0,55.1024,189406.152,12.7473,24.5786,136.285,10.2699,0.28245302016580576,0.2746050118096528,0.9783279733532418,1.3234765719834911,-0.007956150184163291,0.00615720814168963,0.02856603773584898,0.029795200288704526,0.011296170087987912,0.011179543415456367
10/9/2019,4321.0,55.1024,189406.152,12.7473,24.5786,136.891,10.2699,0.2986282396691078,0.2798827457974422,0.9826781714810773,1.3293614955086186,0.004446564185346835,0.014646258755512731,0.04143177754954541,0.029795200288704526,0.011284695618673759,0.011137122638358928
10/10/2019,4321.0,55.1024,189406.152,12.7473,24.5786,136.931,10.2699,0.2904019224426331,0.27608726381755644,0.9829653132716937,1.3297499393056569,0.0002922032858261314,0.011217617345582465,0.034980310348216026,0.029795200288704526,0.011264907606707213,0.011112229442018685
10/11/2019,4321.0,55.1024,189406.152,12.7473,24.5786,136.683,10.2699,0.2557928005733079,0.2525955054115139,0.981185034169873,1.3273415877640204,-0.0018111311536468389,0.0025525360325666657,0.035814697211970614,0.029795200288704526,0.0111835721845405,0.01110893045252025
10/14/2019,4321.0,55.1024,189406.152,12.7473,24.5786,136.494,10.2699,0.2552788404944084,0.24605466450853442,0.9798282892092115,1.3255061908230155,-0.0013827615723973619,0.00740270571477053,0.04232881001290556,0.029795200288704526,0.011095482660176806,0.011061964608474037
10/15/2019,4321.0,55.1024,189406.152,12.7473,24.5786,135.382,10.2699,0.27211223137855556,0.25858132170677406,0.971845747430081,1.3147074532653558,-0.008146878251058642,0.01075092204088346,0.033056085463563534,0.029795200288704526,0.010942252811089683,0.011118201940669783
10/16/2019,4321.0,55.1024,189406.152,12.7473,24.5786,135.471,10.2699,0.24543549009873677,0.23886222810598112,0.972484637914202,1.3155717407137655,0.0006573990633909066,0.005305886194306719,0.05590066952977035,0.029795200288704526,0.010869442401696145,0.010769902880034843
10/17/2019,4321.0,55.1024,189406.152,12.7473,24.5786,136.007,10.2699,0.24069073726076873,0.22747258761927336,0.9763323379084592,1.3207768875940764,0.00395656634999364,0.010768590496291752,0.058535560294507016,0.029795200288704526,0.010889549410694302,0.010776511566923212
10/18/2019,4321.0,55.1024,189406.152,12.7473,24.5786,135.30200000000002,10.2699,0.24952208564594658,0.24246649981991641,0.9712714638488487,1.3139305656712796,-0.005183556728697636,0.0056786930086669685,0.04934077865673969,0.029795200288704526,0.010961272844908724,0.010798881395662265
10/21/2019,4321.0,55.1024,189406.152,12.7473,24.5786,135.173,10.2699,0.25806691795802505,0.2450369956722045,0.9703454315741114,1.3126778344258316,-0.0009534227136333007,0.01046549004657149,0.0607544475049242,0.029795200288704526,0.010879816020017377,0.010682075753721028
10/22/2019,4321.0,55.1024,189406.152,12.7473,24.5786,135.709,10.2699,0.2669230841042971,0.2556176890689619,0.9741931315683685,1.3178829813061423,0.003965288926042865,0.009003851358384551,0.06677724149857722,0.029795200288704526,0.010851875847796653,0.010682875359528618
10/23/2019,4321.0,55.1024,189406.152,12.7473,24.5786,136.494,10.2699,0.23837778987479585,0.21954273271638547,0.9798282892092115,1.3255061908230155,0.005784435814868649,0.015444360130339563,0.05471629588990301,0.029795200288704526,0.010909335636047169,0.010498190000580101
10/24/2019,4321.0,55.1024,189406.152,12.7473,24.5786,136.931,10.2699,0.23350148635258083,0.20844968921718765,0.9829653132716937,1.3297499393056569,0.0032016059313964007,0.02073052553112187,0.055597098343342255,0.029795200288704526,0.010902037546587227,0.01050060266943843
10/25/2019,4321.0,55.1024,189406.152,12.7473,24.5786,135.69,10.2699,0.21809776022263128,0.2098927240899504,0.9740567392178258,1.3176984705025492,-0.009062958716433922,0.006781622840861701,0.05445163696836408,0.029795200288704526,0.011083471108353097,0.010516182693102899
10/28/2019,4321.0,55.1024,189406.152,12.7473,24.5786,135.62,10.2699,0.212744458056497,0.2041330960663157,0.9735542410842474,1.3170186938577326,-0.0005158817893727852,0.007151503449505103,0.07592225307417699,0.029795200288704526,0.011081668708356175,0.010156931628113963
10/29/2019,4321.0,55.1024,189406.152,12.7473,24.5786,135.13299999999998,10.2699,0.19378605440073482,0.20273505481594056,0.970058289783495,1.3122893906287934,-0.0035909157941308445,-0.007440541771333908,0.07771016596352132,0.029795200288704526,0.010835410436625262,0.010142106569330124
10/30/2019,4321.0,55.1024,189406.152,12.7473,24.5786,135.94799999999998,10.2699,0.20621794758043022,0.210361471438965,0.9759088037673002,1.320203932993445,0.006031095291305633,-0.0034233771945901825,0.07760110337830328,0.029795200288704526,0.010913847843700423,0.010141322249327248
10/31/2019,4321.0,55.1024,189406.152,12.7473,24.5786,136.216,10.2699,0.20685041951288663,0.1784280892007546,0.977832653764429,1.3228065064336005,0.00197134198369997,0.024118849993985503,0.11027248200705864,0.029795200288704526,0.009310047775377743,0.009449878780985676
11/1/2019,4321.0,55.1024,189406.152,12.7473,24.5786,135.97799999999998,10.2699,0.209800973335587,0.2186357287116203,0.9761241601102623,1.3204952658412235,-0.001747224995595431,-0.0072497097925839915,0.09036236358241978,0.01703280256404649,0.006616932802189622,0.009267485732546508
11/4/2019,4321.0,55.1024,189406.152,12.7473,24.5786,134.22,10.2699,0.19262142133603444,0.23779566739528346,0.9635042784126802,1.3034231609613984,-0.0129285619732602,-0.03649572158731984,0.06506903666084751,0.006031095291305633,0.005875585459721287,0.009366431055941692
11/5/2019,4321.0,55.1024,189406.152,12.7473,24.5786,133.078,10.2699,0.1669925899943001,0.20470031130793176,0.9553063802905875,1.2923330905559602,-0.00850841901355981,-0.03130049935215229,0.042220429644364676,0.006031095291305633,0.005426683079219891,0.00931056320976964
11/6/2019,4321.0,55.1024,189406.152,12.7473,24.5786,133.505,10.2699,0.1642437931124694,0.1884870629888986,0.9583716189054154,1.296479728089342,0.0032086445543215714,-0.02039842976116224,0.05263780365689241,0.006031095291305633,0.005308067374881166,0.009266888380563642
11/7/2019,4321.0,55.1024,189406.152,12.7473,24.5786,132.393,10.2699,0.18450224118957514,0.22474523803133173,0.950389077126285,1.2856809905316826,-0.008329276057076451,-0.03285825949112786,0.045907000995402125,0.006031095291305633,0.0053880603885619535,0.009332683329671163
11/8/2019,4321.0,55.1024,189406.152,12.7473,24.5786,132.204,10.2699,0.1902013918272909,0.23275745653915747,0.9490323321656234,1.2838455935906774,-0.001427567922775319,-0.03452103614229063,0.03170725997143786,0.006031095291305633,0.00537129171272311,0.009218018151054426
11/11/2019,4321.0,55.1024,189406.152,12.7473,24.5786,131.469,10.2699,0.18358436039864223,0.2305247711047289,0.9437561017630506,1.276707938820102,-0.005559589724970615,-0.03814666052105964,0.03240878893059618,0.006031095291305633,0.005438508215459653,0.009210400559283302
11/12/2019,4321.0,55.1024,189406.152,12.7473,24.5786,131.062,10.2699,0.17859391018147153,0.2274419524828688,0.9408344340435307,1.2727555231852392,-0.0030957868394829724,-0.039796621096897966,0.016614955010859633,0.006031095291305633,0.005444210583096887,0.009095148016663808
11/13/2019,4321.0,55.1024,189406.152,12.7473,24.5786,132.363,10.2699,0.18566591422121892,0.21270916191909417,0.9501737207833227,1.285389657683904,0.00992659962460496,-0.02229986261098227,0.0186000338602188,0.00992659962460496,0.0058254696676732,0.009125201081583063
11/14/2019,4321.0,55.1024,189406.152,12.7473,24.5786,132.403,10.2699,0.180114978385846,0.20746022550024512,0.9504608625739389,1.285778101480942,0.0003021992550786834,-0.02264691336153135,0.012688918803157145,0.00992659962460496,0.005820756307231359,0.009094865880092094
11/15/2019,4321.0,55.1024,189406.152,12.7473,24.5786,132.879,10.2699,0.1637677351550182,0.1911630758451568,0.9538778498822718,1.2904005826656955,0.0035950847035188804,-0.022998816237399633,0.020254758486190738,0.00992659962460496,0.005805650540347604,0.009089243012325702
11/18/2019,4321.0,55.1024,189406.152,12.7473,24.5786,133.128,10.2699,0.16821987047859732,0.18729707436072962,0.9556653075288576,1.2928186453022579,0.0018738852640372006,-0.016067759530531966,0.019997241759757145,0.00992659962460496,0.00576101226238627,0.009088505315240721
11/19/2019,4321.0,55.1024,189406.152,12.7473,24.5786,133.634,10.2699,0.13736871670042716,0.15046725790253124,0.9592976511801526,1.2977324593347899,0.003800853314103625,-0.01138540980817182,0.021408971742603145,0.00992659962460496,0.0058456280106982065,0.009095252222418998
11/20/2019,4321.0,55.1024,189406.152,12.7473,24.5786,132.81,10.2699,0.15847595122206504,0.1837633677011914,0.9533825302934589,1.2897305171158049,-0.006166095454749443,-0.02136188462076949,0.03373392695912081,0.00992659962460496,0.005874186798529889,0.00882735100353356
11/21/2019,4321.0,55.1024,189406.152,12.7473,24.5786,132.97899999999998,10.2699,0.17156953438174516,0.20253733315712963,0.9545957043588122,1.2913716921582907,0.0012724945410735877,-0.025752047709056924,0.008195727001167441,0.00992659962460496,0.005692916751147301,0.008173323310325015
11/22/2019,4321.0,55.1024,189406.152,12.7473,24.5786,133.137,10.2699,0.17296154354433724,0.2063873838156911,0.9557299144317464,1.2929060451565915,0.0011881575286325496,-0.027707385471514967,0.0017531451273100629,0.00992659962460496,0.005631238603646089,0.008118548625787111
11/25/2019,4321.0,55.1024,189406.152,12.7473,24.5786,132.899,10.2699,0.1711845885401062,0.19578053122301142,0.95402142077758,1.2905948045642146,-0.0017876322885448381,-0.020568943916279725,-0.00321762870514819,0.00992659962460496,0.005347853718456763,0.008111814724054575
11/26/2019,4321.0,55.1024,189406.152,12.7473,24.5786,134.756,10.2699,0.19801214405732437,0.20569330476605363,0.9673519784069373,1.3086283078417091,0.013973017103213747,-0.006370741778498723,0.004539795895547316,0.013973017103213747,0.006265950183794509,0.008266263228231697
11/27/2019,4321.0,55.1024,189406.152,12.7473,24.5786,134.965,10.2699,0.19604228884379205,0.19753108300913658,0.9688522942629071,1.3106579266812335,0.0015509513491049898,-0.0012432196428702191,0.0008750658153313662,0.013973017103213747,0.006230696187263751,0.008242557839887619
11/28/2019,4321.0,55.1024,189406.152,12.7473,24.5786,134.965,10.2699,0.18482850646557392,0.19345805058334986,0.9688522942629071,1.3106579266812335,0.0,-0.007230705858122022,0.0008750658153313662,0.013973017103213747,0.006073852601820996,0.008242557839887619
11/29/2019,4321.0,55.1024,189406.152,12.7473,24.5786,134.885,10.2699,0.18706492180693313,0.19877848084555905,0.9682780106816745,1.3098810390871571,-0.0005927462675509032,-0.009771245668644069,-0.00503072281602468,0.013973017103213747,0.006051049555085842,0.008214964329202835
12/2/2019,4321.0,55.1024,189406.152,12.7473,24.5786,134.935,10.2699,0.17396032712719678,0.1830346267617886,0.9686369379199449,1.3103665938334548,0.0003706861400452066,-0.007670358440335812,-0.01675240829532043,0.013973017103213747,0.006045996006854884,0.00806192460424747
12/3/2019,4321.0,55.1024,189406.152,12.7473,24.5786,134.518,10.2699,0.215520435179412,0.21282767220580667,0.965643484752771,1.3063170672493325,-0.0030903768481120863,0.0022202354343614505,-0.0038212598308573487,0.013973017103213747,0.005365379405364837,0.007814047456725731
12/4/2019,4321.0,55.1024,189406.152,12.7473,24.5786,136.345,10.2699,0.24381944571147085,0.21401594628619391,0.9787586860391662,1.3240592376790483,0.013581825480604826,0.024549512316085265,-0.0005131400505808958,0.013973017103213747,0.005741564883639014,0.007896079278235863
12/5/2019,4321.0,55.1024,189406.152,12.7473,24.5786,136.34,10.2699,0.25522473254893296,0.22912408624721503,0.9787227933153392,1.3240106822044186,-3.667167846266306e-05,0.0212351597318452,0.006563259038323999,0.013973017103213747,0.005727641887532347,0.007843780592692728
12/6/2019,4321.0,55.1024,189406.152,12.7473,24.5786,137.36,10.2699,0.2852998970712082,0.23882286890614757,0.9860449089760525,1.3339159990288907,0.007481296758104827,0.03751708927209152,0.018122521587666363,0.013973017103213747,0.0054711007933576136,0.007879854616590302
12/9/2019,4321.0,55.1024,189406.152,12.7473,24.5786,137.16,10.2699,0.28144999299294615,0.23514738169757576,0.9846092000229713,1.3319737800437,-0.0014560279557368494,0.03748751928837235,0.012908752547780011,0.013973017103213747,0.005471935806824048,0.007871022223461218
12/10/2019,4321.0,55.1024,189406.152,12.7473,24.5786,136.27,10.2699,0.28232393570971537,0.23714570708021232,0.9782202951817608,1.323330905559602,-0.006488772236803664,0.036518114536506774,-0.00047676678769204006,0.013973017103213747,0.005537515677995405,0.007870059779934727
