,free_cash_flow_equity,market_cap,net_income_margin,pe,px,roa,Price Momentum 12M,Price Momentum 12M-1M,Price to 52W High,Price to 52W Low,Return 1D,Return 1M,Return 1Q,Max Daily Return over 1M,Realized Volatility 1M,Realized Volatility 3M
12/5/2018,1780.2,15299.7236,7.672000000000001,10.6171,44.0331,0.5485,-0.325065986517598,-0.2973255917327554,0.6350885138273108,1.0125321639712932,0.0,-0.03947830525555762,-0.1577545016698355,0.030278415775026657,0.017504081408040106,0.019130744852271085
12/6/2018,1780.2,15299.7236,7.672000000000001,10.6171,43.2268,0.5485,-0.33976258408225857,-0.28341754287355125,0.6234592651780229,1.0,-0.018311224964856043,-0.07863022691715793,-0.17616946665269062,0.030278415775026657,0.016859691614328504,0.01921615832777813
12/7/2018,1780.2,15299.7236,7.672000000000001,10.6171,42.622,0.5485,-0.35256410256410253,-0.28560882245716357,0.6147362469675686,1.0,-0.013991320199505775,-0.09372355400193078,-0.18192252620911242,0.030278415775026657,0.01693910486256488,0.019260240059307647
12/10/2018,1780.2,15299.7236,7.672000000000001,10.6171,41.2109,0.5485,-0.3739105202308626,-0.2888258913718216,0.5943839801078262,1.0,-0.033107315470883525,-0.1196396604245974,-0.20407552329780942,0.030278415775026657,0.018050383853517538,0.019627273859034695
12/11/2018,1780.2,15299.7236,7.672000000000001,10.6171,40.3853,0.5485,-0.38662569941009584,-0.29940979204510254,0.5824763679475234,1.0,-0.020033534817245013,-0.1244891897926842,-0.22442900846333036,0.030278415775026657,0.018219463631684887,0.019702092225408096
12/12/2018,1780.2,15299.7236,7.672000000000001,10.6171,41.0669,0.5485,-0.37627351870865056,-0.2933527942990104,0.5923070710100989,1.0168774281731223,0.016877428173122322,-0.11734387929459555,-0.240426000218253,0.030278415775026657,0.01863749118366552,0.01914029251123949
12/13/2018,1780.2,15299.7236,7.672000000000001,10.6171,41.5181,0.5485,-0.37003970812931775,-0.3038438136798072,0.5988147195163109,1.0280498102032174,0.010986950561157505,-0.0950877055325976,-0.2322155072935469,0.030278415775026657,0.018884107848150207,0.019228164106640782
12/14/2018,1780.2,15299.7236,7.672000000000001,10.6171,41.8732,0.5485,-0.36232766878294154,-0.2984038851333345,0.6039363196593869,1.0368426135252182,0.008552896206714733,-0.09111194075205986,-0.23597834555516428,0.030278415775026657,0.019010042176958543,0.019165245266327045
12/17/2018,1780.2,15299.7236,7.672000000000001,10.6171,42.0172,0.5485,-0.3630022452559303,-0.3055791805194863,0.6060132287571142,1.0404082673646105,0.0034389537938348536,-0.08269202639892237,-0.24743246680207331,0.030278415775026657,0.019082081379083318,0.0189678952170384
12/18/2018,1780.2,15299.7236,7.672000000000001,10.6171,41.9116,0.5485,-0.3571288331513136,-0.2860506423864627,0.6044901620854475,1.0377934545490561,-0.0025132564759194898,-0.09955634808950375,-0.25678110370265284,0.030278415775026657,0.018525776648016603,0.01888040611378892
12/19/2018,1780.2,15299.7236,7.672000000000001,10.6171,41.5277,0.5485,-0.3630173757255224,-0.3009062128035537,0.5989531801228262,1.028287520459177,-0.009159755294476879,-0.08884525089409123,-0.2654449937648692,0.030278415775026657,0.01819445443144518,0.01886745263970536
12/20/2018,1780.2,15299.7236,7.672000000000001,10.6171,41.4029,0.5485,-0.3633075547340303,-0.2922551942929287,0.5971531922381292,1.0251972871317039,-0.0030052230198156504,-0.10039262721273778,-0.25488788107835725,0.030278415775026657,0.017912343572666148,0.018801232831740195
12/21/2018,1780.2,15299.7236,7.672000000000001,10.6171,39.9341,0.5485,-0.3872008249612149,-0.29376046354963514,0.5759687194413114,1.0,-0.03547577585145001,-0.1323068967240506,-0.2783615628292261,0.030278415775026657,0.019065752070413427,0.019202235074251905
12/24/2018,1780.2,15299.7236,7.672000000000001,10.6171,39.435,0.5485,-0.4026520522048933,-0.3051556573478267,0.5687702102005083,1.0,-0.01249809060427054,-0.14031400829274887,-0.28418694818773227,0.030278415775026657,0.019092755005085095,0.019225415835145806
12/25/2018,1780.2,15299.7236,7.672000000000001,10.6171,39.435,0.5485,-0.40721444150987074,-0.3007580620188832,0.5687702102005083,1.0,0.0,-0.1522454156544918,-0.29163433350577683,0.030278415775026657,0.018555552765850095,0.01913304300835476
12/26/2018,1780.2,15299.7236,7.672000000000001,10.6171,41.6333,0.5485,-0.3759903475771519,-0.3043570796924414,0.6004762467944927,1.0557448966653986,0.05574489666539861,-0.10297419235293859,-0.25163573744796197,0.05574489666539861,0.023149343569106213,0.02061485385942916
12/27/2018,1780.2,15299.7236,7.672000000000001,10.6171,42.2188,0.5485,-0.37380527193227053,-0.2907586931113655,0.6089209014939323,1.0705921136046659,0.014063261860097542,-0.11709213495364701,-0.24124086345002593,0.05574489666539861,0.022166624970987973,0.020738238803880798
12/28/2018,1780.2,15299.7236,7.672000000000001,10.6171,41.8156,0.5485,-0.38325073746312677,-0.30424483775811206,0.6031055560202961,1.060367693673133,-0.009550247756923369,-0.1135541696168505,-0.25180715993186464,0.05574489666539861,0.022113578958986965,0.020719597841845457
12/31/2018,1780.2,15299.7236,7.672000000000001,10.6171,42.4012,0.5485,-0.37884621019014963,-0.3064223140253729,0.6115516530177202,1.0752174464308355,0.014004342876821063,-0.10442074136656454,-0.2533790684406628,0.05574489666539861,0.022440341702446766,0.020687217913528986
1/1/2019,1780.2,15299.7236,7.672000000000001,10.6171,42.4012,0.5485,-0.3816083270499322,-0.32364741588142387,0.6115516530177202,1.0752174464308355,0.0,-0.0856962958810058,-0.2627480982395132,0.05574489666539861,0.022177378941505402,0.02057924631535212
1/2/2019,1780.2,15299.7236,7.672000000000001,10.6171,42.5836,0.5485,-0.3789481513674966,-0.35780821358410553,0.6141824045415079,1.0798427792570051,0.004301765044385508,-0.03291841818995256,-0.25254294706281943,0.05574489666539861,0.0194963899287722,0.020600222197554786
1/3/2019,1780.2,15299.7236,7.672000000000001,10.6171,41.6525,0.5485,-0.3816112773080548,-0.34626799195326363,0.6007531680075231,1.0562317738049956,-0.02186522511013611,-0.05406387467609586,-0.2767206590216085,0.05574489666539861,0.01999463748812133,0.020622202037985184
1/4/2019,1780.2,15299.7236,7.672000000000001,10.6171,43.486000000000004,0.5485,-0.35922504630536933,-0.36304441042250246,0.627197701553932,1.1027260048180552,0.0440189664485926,0.005996280085502681,-0.23936561910209242,0.05574489666539861,0.022044309371591977,0.021520667654861485
1/7/2019,1780.2,15299.7236,7.672000000000001,10.6171,43.8028,0.5485,-0.3548202744342518,-0.3722125009573972,0.6317669015689318,1.1107594776214023,0.007285103251621017,0.027704002627750857,-0.21357872417588142,0.05574489666539861,0.021832232171479476,0.02138687081860361
1/8/2019,1780.2,15299.7236,7.672000000000001,10.6171,43.3324,0.5485,-0.36666223320680924,-0.39766965657250675,0.6249823318496895,1.0988309877012805,-0.010739039513455673,0.0514790989762417,-0.179503298467784,0.05574489666539861,0.020566992095030226,0.02050006298231417
1/9/2019,1780.2,15299.7236,7.672000000000001,10.6171,43.773999999999994,0.5485,-0.359515166412808,-0.40909736030820054,0.6313515197493862,1.1100291619120068,0.010190988728987938,0.08390924420519319,-0.16392584698013257,0.05574489666539861,0.01995287583993702,0.02055268060786937
1/10/2019,1780.2,15299.7236,7.672000000000001,10.6171,44.0811,0.5485,-0.3514271043149326,-0.3957755534728241,0.6357808168598865,1.1178166603271205,0.0070155800246722855,0.07339731024255558,-0.14942074064926447,0.05574489666539861,0.01975044088595526,0.020565089592959114
1/11/2019,1780.2,15299.7236,7.672000000000001,10.6171,44.1771,0.5485,-0.3538799729132448,-0.39276964996365527,0.6371654229250381,1.1202510460251045,0.0021778040929105735,0.06404435655774243,-0.14741370326196446,0.05574489666539861,0.019678268476721404,0.02057125955518768
1/14/2019,1780.2,15299.7236,7.672000000000001,10.6171,44.9643,0.5485,-0.3446688751856424,-0.38972003888470286,0.6485191926592803,1.1402130087485736,0.017819186863782255,0.07382048661196183,-0.1402553748021017,0.05574489666539861,0.019908205601975697,0.02067619278979984
1/15/2019,1780.2,15299.7236,7.672000000000001,10.6171,45.5211,0.5485,-0.34345009216284117,-0.39398677124288584,0.661309395828854,1.1543324457968809,0.012383157304795,0.08339203945051055,-0.10939746873086331,0.05574489666539861,0.02000041998105883,0.020587062590503313
1/16/2019,1780.2,15299.7236,7.672000000000001,10.6171,46.336999999999996,0.5485,-0.32683758796422746,-0.3911277435250774,0.7321250539175334,1.1750221884113097,0.017923556328823365,0.105588906173947,-0.08886411319738163,0.05574489666539861,0.02016370989487146,0.02072852950817056
1/17/2019,1780.2,15299.7236,7.672000000000001,10.6171,47.0474,0.5485,-0.2566506191233838,-0.3438619331943985,0.7437841973879954,1.1930366425763916,0.015331160843386593,0.13291610178266544,-0.056935763854088495,0.05574489666539861,0.020012529537264,0.02070534167891846
1/18/2019,1780.2,15299.7236,7.672000000000001,10.6171,48.0938,0.5485,-0.23000024015562082,-0.3371240563885397,0.7603269985661009,1.2195714466844174,0.022241399099631298,0.16160462189846592,-0.01438850395217639,0.05574489666539861,0.020192631194218946,0.02072403381519239
1/21/2019,1780.2,15299.7236,7.672000000000001,10.6171,48.0938,0.5485,-0.23967300143389914,-0.36867175408392494,0.7845055672820637,1.2195714466844174,0.0,0.2043291322453742,0.03516350589000039,0.05574489666539861,0.017769096038174833,0.01979813771043369
1/22/2019,1780.2,15299.7236,7.672000000000001,10.6171,47.537,0.5485,-0.22457694854872234,-0.3567366886008554,0.7971699853434889,1.2054520096361099,-0.011577375877971807,0.20545200963610988,0.012830564953935975,0.05574489666539861,0.017714346167607097,0.019820323456935705
1/23/2019,1780.2,15299.7236,7.672000000000001,10.6171,46.961000000000006,0.5485,-0.2002213990718269,-0.32839443096180865,0.7875107743802846,1.190845695448206,-0.01211687737972511,0.19084569544820607,0.07563159944112341,0.05574489666539861,0.018215287639101813,0.01774973665962563
1/24/2019,1780.2,15299.7236,7.672000000000001,10.6171,47.1338,0.5485,-0.2095914623307541,-0.30183189619031325,0.7973265578163167,1.1952275897045772,0.003679649070505109,0.13211779993418737,0.08383212878925494,0.0440189664485926,0.014660764079559619,0.017739448853728967
1/25/2019,1780.2,15299.7236,7.672000000000001,10.6171,48.0746,0.5485,-0.18599579406495836,-0.28514681828802857,0.813241354110984,1.2190845695448205,0.019960198413877084,0.13870124210067547,0.09471186579620294,0.0440189664485926,0.014877239937522898,0.017862323190846754
1/28/2019,1780.2,15299.7236,7.672000000000001,10.6171,47.7962,0.5485,-0.1432622435407951,-0.2504633563129385,0.8085318735748069,1.2120248510206668,-0.005790999821111309,0.14302317795272557,0.06941215691626823,0.0440189664485926,0.014698415606067423,0.017765175031681568
1/29/2019,1780.2,15299.7236,7.672000000000001,10.6171,47.633,0.5485,-0.1602346893081672,-0.2524708313205857,0.8057711436053239,1.2078863953340941,-0.0034144973868214246,0.12338801732026461,0.04142252461826401,0.0440189664485926,0.014744450414575986,0.01754570072199602
1/30/2019,1780.2,15299.7236,7.672000000000001,10.6171,46.2122,0.5485,-0.19121067600087505,-0.2579094290089696,0.781736553282765,1.1718574870039304,-0.029828060378309096,0.08987953171136676,0.02331750783893427,0.0440189664485926,0.016632611113960215,0.017887999586864965
1/31/2019,1780.2,15299.7236,7.672000000000001,10.6171,48.065,0.5485,-0.15714919502618951,-0.25326908272791515,0.8130789582304262,1.218841130975022,0.04009330869337524,0.12872091603340263,0.05371040227995172,0.0440189664485926,0.018381346271221618,0.01853449854462105
2/1/2019,1780.2,15299.7236,7.672000000000001,10.6171,47.6234,0.5485,-0.185351050654478,-0.2874896508310125,0.805608747724766,1.2076429567642954,-0.009187558514511585,0.14335033911529904,0.03883916593409231,0.0440189664485926,0.017614594624223476,0.018571275563425926
2/4/2019,1780.2,15299.7236,7.672000000000001,10.6171,47.7098,0.5485,-0.17868037432087203,-0.2513926857315989,0.8070703106497865,1.2098339038924812,0.001814234178996177,0.09713011084027046,0.016923936072709145,0.04009330869337524,0.015392892740076977,0.018344774947465944
2/5/2019,1780.2,15299.7236,7.672000000000001,10.6171,46.8938,0.5485,-0.19503222871660186,-0.24809159650161794,0.793266660802371,1.189141625459617,-0.017103404332024064,0.07056626517026321,-0.0028917835074783182,0.04009330869337524,0.016079827169750177,0.018475063677368807
2/6/2019,1780.2,15299.7236,7.672000000000001,10.6171,46.817,0.5485,-0.19635055917467015,-0.2561663705572864,0.7919674937579083,1.18719411690123,-0.0016377431558116662,0.08041557818168399,0.00011962897926576233,0.04009330869337524,0.015800626738236304,0.018466437350809762
2/7/2019,1780.2,15299.7236,7.672000000000001,10.6171,46.0395,0.5485,-0.20528515279093973,-0.2443912787556468,0.7788151190564798,1.1674781285659945,-0.016607215327765656,0.05175446612144197,-0.0019120831951300321,0.04009330869337524,0.01633256229461084,0.018493971380531483
2/8/2019,1780.2,15299.7236,7.672000000000001,10.6171,45.9147,0.5485,-0.21495216844912923,-0.2463029929983842,0.7767039726092282,1.1643134271586155,-0.0027107157983903285,0.041596058174592,-0.01314949544883015,0.04009330869337524,0.01633697316585889,0.018465028210235133
2/11/2019,1780.2,15299.7236,7.672000000000001,10.6171,46.4426,0.5485,-0.1940854318793903,-0.23339846461393232,0.785634054416153,1.177700012679092,0.011497407148473027,0.051282225406375614,0.01224477341284369,0.04009330869337524,0.016466148200742686,0.01843510344068232
2/12/2019,1780.2,15299.7236,7.672000000000001,10.6171,46.8458,0.5485,-0.19712963105784453,-0.22937586442699742,0.7924546813995818,1.1879244326106249,0.008681684487948482,0.041844307595136465,0.01682193493492612,0.04009330869337524,0.016159323152119057,0.018458984262760464
2/13/2019,1780.2,15299.7236,7.672000000000001,10.6171,47.2394,0.5485,-0.20088708749754713,-0.22995425849364293,0.8041419624785727,1.1979054139723595,0.00840203390698857,0.037747330358888664,0.03131761012468104,0.04009330869337524,0.016055395299359374,0.01846852607895658
2/14/2019,1780.2,15299.7236,7.672000000000001,10.6171,46.8938,0.5485,-0.20161740670117145,-0.21109711250340524,0.7982589186161909,1.189141625459617,-0.0073159269592756315,0.012016315255627408,0.0074830005048822645,0.04009330869337524,0.01573651483848419,0.01838721846209439
2/15/2019,1780.2,15299.7236,7.672000000000001,10.6171,48.7561,0.5485,-0.15339736031935924,-0.18306728737304712,0.8299602860493897,1.2363661721820718,0.03971313905036489,0.036318691362328126,0.06975228733791172,0.04009330869337524,0.017653718168091352,0.018842810732822967
2/18/2019,1780.2,15299.7236,7.672000000000001,10.6171,48.7561,0.5485,-0.1376249181951642,-0.14933937067760927,0.8299602860493897,1.2363661721820718,0.0,0.013771005826114902,0.05937861909076503,0.04009330869337524,0.01702499786290191,0.01881152957762792
2/19/2019,1780.2,15299.7236,7.672000000000001,10.6171,49.3033,0.5485,-0.13379890721903054,-0.1550484021152866,0.8392751054981606,1.2502421706605806,0.011223211044361525,0.025148771775155954,0.07126824890870487,0.04009330869337524,0.017174519071583426,0.018854139355354495
2/20/2019,1780.2,15299.7236,7.672000000000001,10.6171,50.1289,0.5485,-0.12331102941948024,-0.16863997425664312,0.8533290436138503,1.2711778876632434,0.016745329420140287,0.05452384458421866,0.09281382299210406,0.04009330869337524,0.017222855114619337,0.018944734216946667
2/21/2019,1780.2,15299.7236,7.672000000000001,10.6171,49.9657,0.5485,-0.12928684947930458,-0.18164740488770537,0.8505509395677257,1.2670394319766705,-0.0032556070450379115,0.06398287941057457,0.07413848700475101,0.04009330869337524,0.016948796037131578,0.018886203675050103
2/22/2019,1780.2,15299.7236,7.672000000000001,10.6171,50.7528,0.5485,-0.11542731653754656,-0.1785030195815287,0.8639495038735145,1.286998858881704,0.01575280642520771,0.07678141800576221,0.09351339937861702,0.04009330869337524,0.017172962749474736,0.018967498092687843
2/25/2019,1780.2,15299.7236,7.672000000000001,10.6171,50.964,0.5485,-0.10870622142784692,-0.15923805259899482,0.86754469734497,1.2923545074172689,0.004161346763134288,0.060102424149135025,0.06579335353497329,0.04009330869337524,0.016764755016980326,0.018612598540576578
2/26/2019,1780.2,15299.7236,7.672000000000001,10.6171,50.4744,0.5485,-0.14078961479340402,-0.18637980018759015,0.859210385206596,1.2799391403575504,-0.009606781257358032,0.05603374326829336,0.07000309504326707,0.04009330869337524,0.016884095926200788,0.018569436576433267
2/27/2019,1780.2,15299.7236,7.672000000000001,10.6171,50.3209,0.5485,-0.1434025986848264,-0.1891579042337148,0.8616533448401039,1.2760466590592114,-0.003041145610448104,0.05642936619570471,0.06285563417467532,0.04009330869337524,0.01687749307149272,0.018574557473900844
2/28/2019,1780.2,15299.7236,7.672000000000001,10.6171,50.532,0.5485,-0.13473195389072679,-0.20870062533818257,0.8719449486827301,1.2813997717763406,0.004195076002217579,0.09347747997282085,0.08962941559533721,0.04009330869337524,0.01513687614624549,0.018370418164817496
3/1/2019,1780.2,15299.7236,7.672000000000001,10.6171,49.8531,0.5485,-0.13768953218458013,-0.1686183479954475,0.8602303237784971,1.26418410041841,-0.013435051056756131,0.037201706023093806,0.13217329690619106,0.03971313905036489,0.01320444043749467,0.01723537470042659
3/4/2019,1780.2,15299.7236,7.672000000000001,10.6171,49.8143,0.5485,-0.13724889112885763,-0.1751938467826717,0.8595608180393836,1.2632002028654747,-0.0007782866060485061,0.046004695170861476,0.13129214159348312,0.03971313905036489,0.01297942625766614,0.01723719571077351
3/5/2019,1780.2,15299.7236,7.672000000000001,10.6171,50.0277,0.5485,-0.13550535430703325,-0.17555940714679463,0.8632430996045085,1.2686116394066185,0.004283910443386718,0.048583309927939355,0.15733063747489995,0.03971313905036489,0.012986718715121814,0.017039477460210808
3/6/2019,1780.2,15299.7236,7.672000000000001,10.6171,49.4167,0.5485,-0.1392738204720898,-0.18321698297243816,0.8527001097437242,1.2531177887663243,-0.012213233868436979,0.053800289164025905,0.15941767162498244,0.03971313905036489,0.012660367182506994,0.017013234665619995
3/7/2019,1780.2,15299.7236,7.672000000000001,10.6171,48.4952,0.5485,-0.15696588937602352,-0.18613949510296468,0.8367993484397754,1.229750221884113,-0.018647542227627545,0.03584595339299823,0.17675663477380965,0.03971313905036489,0.013462049675095551,0.016618179504268745
3/8/2019,1780.2,15299.7236,7.672000000000001,10.6171,48.408,0.5485,-0.16470531394297472,-0.2055744980432488,0.8405859513374221,1.2275389882084442,-0.001798116102212144,0.05144495487570455,0.19865396567562943,0.03971313905036489,0.012824349540665378,0.016372439155775
3/11/2019,1780.2,15299.7236,7.672000000000001,10.6171,49.0675,0.5485,-0.12125569950320747,-0.17771883764161445,0.8520379104125136,1.2442627107899074,0.013623781193191187,0.06866646193920456,0.19481869827038345,0.03971313905036489,0.012988775802153187,0.016333077512156687
3/12/2019,1780.2,15299.7236,7.672000000000001,10.6171,49.2324,0.5485,-0.08517679587782878,-0.1370161085024426,0.8549013342964903,1.248444275389882,0.003360676618943126,0.060069849663886066,0.1858057088354237,0.03971313905036489,0.012850987818566029,0.01630085020450387
3/13/2019,1780.2,15299.7236,7.672000000000001,10.6171,49.5718,0.5485,-0.10173232341535898,-0.1511289095060343,0.860794882302686,1.2570508431596297,0.0068938341417441595,0.05819091572777091,0.1838550672028889,0.03971313905036489,0.012816364295977606,0.016292807279219026
3/14/2019,1780.2,15299.7236,7.672000000000001,10.6171,50.1344,0.5485,-0.08473784139038998,-0.13758945523586974,0.8705642108480179,1.2713173576771901,0.011349194501712567,0.06128358954601443,0.1931875517645154,0.03971313905036489,0.012896950820591599,0.016328159158195018
3/15/2019,1780.2,15299.7236,7.672000000000001,10.6171,50.5999,0.5485,-0.08572683053750696,-0.1526911485172845,0.8786474359419605,1.2831215924939774,0.00928504180762113,0.07903176965824898,0.20730060412868978,0.03971313905036489,0.012746403163762408,0.01633229370424948
3/18/2019,1780.2,15299.7236,7.672000000000001,10.6171,51.2013,0.5485,-0.09779511658763762,-0.14088135425972614,0.8890905112835225,1.298372004564473,0.011885398983002116,0.05015167332908077,0.2329433125359699,0.016745329420140287,0.009957135089314407,0.01629215505031778
3/19/2019,1780.2,15299.7236,7.672000000000001,10.6171,50.3672,0.5485,-0.11249257726254736,-0.14088135425972614,0.8746066916253967,1.2772207429948015,-0.01629060199643384,0.033044070382987734,0.21651381908030576,0.016745329420140287,0.010754502327411937,0.016462264062744585
3/20/2019,1780.2,15299.7236,7.672000000000001,10.6171,49.1645,0.5485,-0.111961057023644,-0.10945396745118585,0.853722277403088,1.2467224546722453,-0.02387863530233958,-0.002815227378289098,0.2311408044753731,0.016745329420140287,0.011856178698968,0.016082735548653606
3/21/2019,1780.2,15299.7236,7.672000000000001,10.6171,49.8822,0.5485,-0.11052346274277647,-0.1061244213664666,0.8661848566725243,1.2649220235831113,0.014597931434266576,-0.004921312855458715,0.26492202358311134,0.01575280642520771,0.011712312635646406,0.016012006290984468
3/22/2019,1780.2,15299.7236,7.672000000000001,10.6171,47.9618,0.5485,-0.15667705248943253,-0.12144203515237617,0.8328378631807795,1.216224166349689,-0.038498702944136376,-0.040105512381493735,0.2162241663496891,0.01575280642520771,0.014394503045448268,0.01687325752297604
3/25/2019,1780.2,15299.7236,7.672000000000001,10.6171,47.535,0.5485,-0.1678614380320672,-0.1115312504923508,0.8254266484222517,1.2054012932674019,-0.00889874858741746,-0.06340142809854832,0.14175431685693907,0.014597931434266576,0.013883518772557592,0.015542603943683378
3/26/2019,1780.2,15299.7236,7.672000000000001,10.6171,48.6407,0.5485,-0.124222182211019,-0.08239106949945985,0.844626695653986,1.2334398377076201,0.02326075523298643,-0.04558708107683851,0.15210996049153458,0.02326075523298643,0.014961338767711255,0.015698014625302507
3/27/2019,1780.2,15299.7236,7.672000000000001,10.6171,48.408,0.5485,-0.12870374703466247,-0.09151058521992983,0.8405859513374221,1.2275389882084442,-0.004784059439934096,-0.040939565403452116,0.1576540812519729,0.02326075523298643,0.01487732067402606,0.015651050866971657
3/28/2019,1780.2,15299.7236,7.672000000000001,10.6171,48.5049,0.5485,-0.14754579501338305,-0.11563032180849664,0.8422685818671816,1.229996196272347,0.002001735250371839,-0.036088384746695734,0.14395111459109633,0.02326075523298643,0.014898364573854966,0.015580986467376726
3/29/2019,1780.2,15299.7236,7.672000000000001,10.6171,48.6795,0.5485,-0.13182548585635034,-0.09878707569496592,0.8453004424502156,1.2344237352605552,0.003599636325402056,-0.036659938256946134,0.1480689225776628,0.02326075523298643,0.01488726224797962,0.015579179990550971
4/1/2019,1780.2,15299.7236,7.672000000000001,10.6171,50.4157,0.5485,-0.11367452097950659,-0.12356522396482528,0.875448875120684,1.2784506149359705,0.035665937406916814,0.011285155787704282,0.1839229186823097,0.035665937406916814,0.016693432938616096,0.01613497085402937
4/2/2019,1780.2,15299.7236,7.672000000000001,10.6171,50.1635,0.5485,-0.11229184731635655,-0.11847139393724881,0.8710695209451903,1.2720552808418917,-0.005002409963562937,0.0070100352709963065,0.20433347338094943,0.035665937406916814,0.01673711883298043,0.015856478963318228
4/3/2019,1780.2,15299.7236,7.672000000000001,10.6171,50.6872,0.5485,-0.10904712520433824,-0.12063946845722529,0.8801633662334776,1.2853353619880814,0.010439861652396631,0.013182696785980497,0.1655981235340107,0.035665937406916814,0.016860774179047865,0.014999307777921725
4/4/2019,1780.2,15299.7236,7.672000000000001,10.6171,51.0267,0.5485,-0.09102131775695943,-0.11970151221224057,0.8860586507004883,1.2939444655762646,0.006697943465016731,0.03258007920399386,0.1649186809975618,0.035665937406916814,0.01663678643273034,0.014996497527948804
4/5/2019,1780.2,15299.7236,7.672000000000001,10.6171,51.5892,0.5485,-0.09066039631534606,-0.1451969414410762,0.8958262427850053,1.3082084442753898,0.011023640564645554,0.06380012867252849,0.19054564252153128,0.035665937406916814,0.016076385956552596,0.014936298581264931
4/8/2019,1780.2,15299.7236,7.672000000000001,10.6171,51.7153,0.5485,-0.09008165728572659,-0.14827281028800854,0.8980159198727521,1.3114061113224291,0.0024443100493902747,0.06832135184267063,0.18141590898707016,0.035665937406916814,0.0160387245271584,0.014907013539529657
4/9/2019,1780.2,15299.7236,7.672000000000001,10.6171,50.2411,0.5485,-0.11442274812012843,-0.1351092669822993,0.87241701453765,1.2740230759477622,-0.028506070737286615,0.023918072043613403,0.13974242929509484,0.035665937406916814,0.01726736627849093,0.015406809431504536
4/10/2019,1780.2,15299.7236,7.672000000000001,10.6171,51.1625,0.5485,-0.1065456825178952,-0.14025115387234843,0.8884167644872926,1.2973881070115378,0.0183395666098074,0.03920385762221623,0.1581226472538939,0.035665937406916814,0.017662937289014514,0.01554049205589086
4/11/2019,1780.2,15299.7236,7.672000000000001,10.6171,51.8511,0.5485,-0.08843969150007824,-0.12851057545748457,0.9003740336595565,1.3148497527577026,0.013459076472025489,0.04597977075676085,0.15316150812978302,0.035665937406916814,0.017811694925938593,0.015480542800499408
4/12/2019,1780.2,15299.7236,7.672000000000001,10.6171,53.2187,0.5485,-0.06485549011063163,-0.1190519701421201,0.9241218717658417,1.3495296056802333,0.026375525302259728,0.06152063253973328,0.16909960435929716,0.035665937406916814,0.018482798568808943,0.015724788543563722
4/15/2019,1780.2,15299.7236,7.672000000000001,10.6171,52.6561,0.5485,-0.07761177296988608,-0.11363067054147469,0.9143525432205097,1.3352630911626728,-0.010571472057754105,0.040636443945541556,0.13637266115631141,0.035665937406916814,0.018652875497184015,0.015686811693815448
4/16/2019,1780.2,15299.7236,7.672000000000001,10.6171,53.7521,0.5485,-0.045798125399417744,-0.09107967052474608,0.9333841537531864,1.363055661214657,0.02081430261641093,0.0498190475632454,0.1425094691736417,0.035665937406916814,0.018986704139263965,0.01577606835320672
4/17/2019,1780.2,15299.7236,7.672000000000001,10.6171,53.9946,0.5485,-0.021422124596296332,-0.08716376144960003,0.9375950712296226,1.369205020920502,0.004511451645610176,0.07201909178989507,0.12269356964931033,0.035665937406916814,0.01849414625224234,0.015570294341545691
4/18/2019,1780.2,15299.7236,7.672000000000001,10.6171,53.5581,0.5485,-0.014017065694639896,-0.09490146264232924,0.9300154197720375,1.358136173449981,-0.008084141747508045,0.08936529406380633,0.1136175556932495,0.035665937406916814,0.01762669369818491,0.015619921617113569
4/19/2019,1780.2,15299.7236,7.672000000000001,10.6171,53.5581,0.5485,0.012021488268561864,-0.05743746917627679,0.9300154197720375,1.358136173449981,0.0,0.07369161745071406,0.12666133748448583,0.035665937406916814,0.017484758881954835,0.015527477511236237
4/22/2019,1780.2,15299.7236,7.672000000000001,10.6171,53.3739,0.5485,0.025880593687172437,-0.0781434398028732,0.9268168589507609,1.3534651958919741,-0.0034392556868149127,0.11284188666814021,0.13655799493196463,0.035665937406916814,0.014726565856788543,0.015438344670895596
4/23/2019,1780.2,15299.7236,7.672000000000001,10.6171,53.8782,0.5485,0.011835186298076783,-0.10729041466346168,0.9355738308409333,1.3662533282616964,0.009448438281631999,0.1334427264121174,0.14309052102737319,0.035665937406916814,0.014388227799506433,0.015464643781060062
4/24/2019,1780.2,15299.7236,7.672000000000001,10.6171,53.4321,0.5485,0.003282179156660181,-0.08668483006085548,0.9278274791451055,1.3549410422213768,-0.008279786629842856,0.09850598367210983,0.11144138484771582,0.035665937406916814,0.014149416547672822,0.015351664969509984
4/25/2019,1780.2,15299.7236,7.672000000000001,10.6171,54.1013,0.5485,0.011071055469277225,-0.09532806691970863,0.9394478749192546,1.3719107391910739,0.012524306549808184,0.11761072549991747,0.13191634481402303,0.035665937406916814,0.014080701258804203,0.015379101300520984
4/26/2019,1780.2,15299.7236,7.672000000000001,10.6171,55.6531,0.5485,0.03484625068102676,-0.09807155567869308,0.9663942738468164,1.4112615696716115,0.028683229423322576,0.14737067801397385,0.16837276677933355,0.035665937406916814,0.014936238424741715,0.015721831376306516
4/29/2019,1780.2,15299.7236,7.672000000000001,10.6171,55.7016,0.5485,0.017590845233810715,-0.11069316589542688,0.9672364573421036,1.4124914416127805,0.0008714698731966397,0.1442516870551258,0.20534404334786038,0.035665937406916814,0.014976122680883082,0.015166656006555248
4/30/2019,1780.2,15299.7236,7.672000000000001,10.6171,55.4398,0.5485,0.008003694572324083,-0.08334424250358186,0.9626904029283675,1.405852668948903,-0.0047000445229580246,0.09965348095930437,0.1534338916051181,0.028683229423322576,0.013576457910587895,0.0144359273775293
5/1/2019,1780.2,15299.7236,7.672000000000001,10.6171,55.1682,0.5485,0.0017067882965162706,-0.08916516263513585,0.9579741753547589,1.3989653860783566,-0.004899007572177427,0.09976775942667482,0.15842631983436717,0.028683229423322576,0.013572811270348857,0.014390585639233488
5/2/2019,1780.2,15299.7236,7.672000000000001,10.6171,54.8384,0.5485,-0.005121487934659719,-0.08043257796072989,0.9522473275868056,1.3906022568784073,-0.005978081575980343,0.08189838854779907,0.14941584328586566,0.028683229423322576,0.013693512144170588,0.01442947531895414
5/3/2019,1780.2,15299.7236,7.672000000000001,10.6171,55.8471,0.5485,0.008574684454140336,-0.07847967304952119,0.9697630078279653,1.4161810574362874,0.018394045048724994,0.09446819018278663,0.19092715881417166,0.028683229423322576,0.014048625177010247,0.014351833745245525
5/6/2019,1780.2,15299.7236,7.672000000000001,10.6171,55.5755,0.5485,0.0009743990605424191,-0.07082314206774332,0.9650467802543568,1.409293774565741,-0.004863278487155065,0.07727004876989763,0.18707947967618588,0.028683229423322576,0.01410184738543419,0.014373941495541408
5/7/2019,1780.2,15299.7236,7.672000000000001,10.6171,54.7511,0.5485,-0.0006242550465179741,-0.05603692961433082,0.9507313972952887,1.3883884873843033,-0.01483387463900454,0.05870216357634983,0.18922012619598405,0.028683229423322576,0.014668081801443907,0.014336958017069188
5/8/2019,1780.2,15299.7236,7.672000000000001,10.6171,54.3438,0.5485,-0.014428883883393695,-0.08883484404980824,0.9436587923956908,1.378060098896919,-0.007439119944622097,0.08166023434996439,0.18358172872740108,0.028683229423322576,0.013049429301054925,0.014378882471800159
5/9/2019,1780.2,15299.7236,7.672000000000001,10.6171,54.208,0.5485,-0.02967989532113402,-0.08419417142059316,0.9413006786088864,1.3746164574616457,-0.0024989051188912814,0.05952602003420471,0.16720424782419596,0.028683229423322576,0.012677558158658122,0.014350124667661378
5/10/2019,1780.2,15299.7236,7.672000000000001,10.6171,54.7802,0.5485,-0.010360644365236649,-0.06327670959664844,0.951236707392461,1.3891264105490047,0.01055563754427391,0.05649060482805579,0.1693727079055114,0.028683229423322576,0.012571265527601634,0.014364956650019422
5/13/2019,1780.2,15299.7236,7.672000000000001,10.6171,52.6076,0.5485,-0.035978816587564966,-0.02478056110388316,0.9135103597252224,1.3340332192215036,-0.039660315223383646,-0.011482805855836387,0.1136381918483298,0.028683229423322576,0.014467659576654215,0.015297204028057374
5/14/2019,1780.2,15299.7236,7.672000000000001,10.6171,53.6163,0.5485,-0.011757615078648143,-0.02945578406833016,0.9310260399663821,1.3596120197793837,0.019174035690660673,0.018235304171786426,0.14335583808520536,0.028683229423322576,0.01487745456802077,0.015405572441995294
5/15/2019,1780.2,15299.7236,7.672000000000001,10.6171,53.1314,0.5485,-0.020695171986684913,-0.009254583055321008,0.9226059414743247,1.347315836186129,-0.009043891503143664,-0.011547455820330677,0.08973851477045947,0.028683229423322576,0.014301408870274809,0.014701583130277264
5/16/2019,1780.2,15299.7236,7.672000000000001,10.6171,53.8491,0.5485,0.04625556652237095,0.04908254385215005,0.9350685207437609,1.3655154050969949,0.013508019739739696,-0.002694713915835978,0.10445872413913326,0.028683229423322576,0.014589471853971055,0.014778077178202073
5/17/2019,1780.2,15299.7236,7.672000000000001,10.6171,53.1023,0.5485,0.01124316583479179,0.01992310314423973,0.9221006313771524,1.3465779130214275,-0.013868384058415062,-0.008510384050218422,0.077053665778964,0.028683229423322576,0.014802247322888285,0.014854818408444624
5/20/2019,1780.2,15299.7236,7.672000000000001,10.6171,53.2187,0.5485,0.02363142213613756,0.030159588075422183,0.9241218717658417,1.3495296056802333,0.00219199545029114,-0.006337043323045521,0.0616370995573412,0.028683229423322576,0.01481220965983101,0.014723138534057998
5/21/2019,1780.2,15299.7236,7.672000000000001,10.6171,53.6551,0.5485,0.010634670986334527,0.005338054830901884,0.9316997867626119,1.3605959173323188,0.008200125143981385,0.005268492652775958,0.07383865331617478,0.028683229423322576,0.014902343553712302,0.01473975145646511
5/22/2019,1780.2,15299.7236,7.672000000000001,10.6171,53.2672,0.5485,0.007970328880142263,0.019532225712447504,0.924964055261129,1.3507594776214022,-0.007229508471701562,-0.011340393702833351,0.049542094229283906,0.028683229423322576,0.014837849922950742,0.014658918945574733
5/23/2019,1780.2,15299.7236,7.672000000000001,10.6171,51.9772,0.5485,-0.012397942606551027,0.015246144287351049,0.9025637107473033,1.318047419804742,-0.024217529736873744,-0.02722895038750106,0.01988070010203291,0.028683229423322576,0.015644683681438433,0.014988591629164277
5/24/2019,1780.2,15299.7236,7.672000000000001,10.6171,52.5882,0.5485,-0.017467224432067607,0.0108028122436854,0.9131734863271076,1.333541270445036,0.011755154182987892,-0.02796790465293808,0.04187865531833945,0.028683229423322576,0.015611820847692116,0.014999650235148466
5/27/2019,1780.2,15299.7236,7.672000000000001,10.6171,52.5882,0.5485,-0.012784122907796625,0.04475193920689646,0.9131734863271076,1.333541270445036,0.0,-0.055071505450729585,0.04505682529525501,0.019174035690660673,0.014039100254227437,0.014992103560567302
5/28/2019,1780.2,15299.7236,7.672000000000001,10.6171,52.4913,0.5485,-0.017379356304883742,0.04271645104708566,0.9114908557973481,1.3310840623811335,-0.0018426186863211846,-0.05763389202464553,0.03877345048682046,0.019174035690660673,0.014018029925835989,0.014989418047173138
5/29/2019,1780.2,15299.7236,7.672000000000001,10.6171,52.4137,0.5485,-0.02841153441193478,0.02768303352957746,0.9101433622048885,1.329116267275263,-0.0014783402201888896,-0.05458353024361562,0.0513629042125765,0.019174035690660673,0.014013001122941961,0.014882683279823889
5/30/2019,1780.2,15299.7236,7.672000000000001,10.6171,52.4913,0.5485,-0.016687241603458802,0.03345878112700684,0.9114908557973481,1.3310840623811335,0.001480528945676518,-0.04852251840734334,0.05373958883292551,0.019174035690660673,0.014029240155488589,0.014881284182728147
5/31/2019,1780.2,15299.7236,7.672000000000001,10.6171,50.5221,0.5485,-0.05039715506903697,0.030731118687903347,0.8772964694278709,1.2811487257512362,-0.03751478816489595,-0.0787094444768629,0.009882525081104987,0.019174035690660673,0.015995942648006203,0.01564215011453204
6/3/2019,1780.2,15299.7236,7.672000000000001,10.6171,51.9328,0.5485,-0.0185024890478116,0.05547533820433248,0.901792722145432,1.3169215164194243,0.027922433944748803,-0.0700895838817055,0.05091598589140922,0.027922433944748803,0.016772449321018314,0.0159397320010309
6/4/2019,1780.2,15299.7236,7.672000000000001,10.6171,53.6865,0.5485,0.012122126179456405,0.047734406666226636,0.9322450354585299,1.3613921643210345,0.033768639472549156,-0.03398979766263899,0.10704770781438167,0.033768639472549156,0.0186123007726398,0.016266827606938056
6/5/2019,1780.2,15299.7236,7.672000000000001,10.6171,53.4317,0.5485,0.013609210404007976,0.038638471913693184,0.9278205333018456,1.3549308989476352,-0.004746072103787746,-0.024098145973322938,0.10377830110725506,0.033768639472549156,0.01837912026910433,0.016281420945010474
6/6/2019,1780.2,15299.7236,7.672000000000001,10.6171,54.0196,0.5485,0.02972146609633164,0.03590136560148238,0.9380291864333788,1.3698389755293519,0.011002831652371148,-0.0059657219406814566,0.10092423702043085,0.033768639472549156,0.01849624476350509,0.01625378525118267
6/7/2019,1780.2,15299.7236,7.672000000000001,10.6171,54.2449,0.5485,0.031242455063068553,0.03054095415529967,0.9419414326496308,1.3755521744643082,0.004170708409540369,0.0006807113341205095,0.101813033693259,0.033768639472549156,0.018510628610342004,0.016255474380259604
6/10/2019,1780.2,15299.7236,7.672000000000001,10.6171,53.5787,0.5485,0.023887465195963298,0.04684809674232304,0.9303731306999325,1.3586585520476733,-0.01228133889084515,-0.021933107217571357,0.08083023009049484,0.033768639472549156,0.018542413844312905,0.016335418990267053
6/11/2019,1780.2,15299.7236,7.672000000000001,10.6171,53.6669,0.5485,0.025204642055494553,0.004968718658961757,0.9319046891387849,1.3608951439076962,0.0016461765589683708,0.020135873904150836,0.07046060190208725,0.033768639472549156,0.016276578649824413,0.0162854434569956
6/12/2019,1780.2,15299.7236,7.672000000000001,10.6171,53.3142,0.5485,0.0335073479665875,0.03936362208906741,0.9257801918441908,1.3519513122860403,-0.006572021115436089,-0.0056344805590837765,0.053642398502763866,0.033768639472549156,0.01580812162402368,0.016281200678933863
6/13/2019,1780.2,15299.7236,7.672000000000001,10.6171,54.3233,0.5485,0.06628757395055973,0.04289230600123273,0.9433028179286107,1.377540256117662,0.0189274152102068,0.022433062181685504,0.060975014306277275,0.033768639472549156,0.0161949346162944,0.016381280465938695
6/14/2019,1780.2,15299.7236,7.672000000000001,10.6171,54.7739,0.5485,0.10764436571299152,0.08894294935572322,0.9511273103611143,1.3889666539875742,0.008294783269793937,0.01717391748422914,0.08749146269794639,0.033768639472549156,0.016035718870351313,0.016253323494837758
6/17/2019,1780.2,15299.7236,7.672000000000001,10.6171,53.7452,0.5485,0.07883960688591984,0.06593452916238429,0.9332643379569496,1.3628806897426142,-0.018780842700629297,0.012106820231891913,0.09317088549664909,0.033768639472549156,0.0162961638212326,0.016137403559723165
6/18/2019,1780.2,15299.7236,7.672000000000001,10.6171,54.8523,0.5485,0.10147834887587659,0.06867434556655971,0.9524886956400942,1.390954735640928,0.02059904884529229,0.030695977165920985,0.09963674416926294,0.033768639472549156,0.01686551942364426,0.016233131992189134
6/19/2019,1780.2,15299.7236,7.672000000000001,10.6171,55.0286,0.5485,0.10689903488339336,0.07927111368582818,0.9555500760569836,1.3954253835425383,0.003214085826847679,0.025598684933957783,0.1473422598818226,0.033768639472549156,0.016802588393197183,0.015398865295324611
6/20/2019,1780.2,15299.7236,7.672000000000001,10.6171,56.5471,0.5485,0.12953685615094823,0.06402035867380995,0.9819182335331421,1.4339317864840877,0.027594741643436338,0.061574477351916235,0.18958872409803318,0.033768639472549156,0.01761354029781828,0.0156550335163661
6/21/2019,1780.2,15299.7236,7.672000000000001,10.6171,56.458999999999996,0.5485,0.12777704535557755,0.03825241399698798,0.9803884115551048,1.4316977304425,-0.0015579932481065706,0.08622626844077774,0.16073576243762933,0.033768639472549156,0.016523302048889153,0.015444757423772148
6/24/2019,1780.2,15299.7236,7.672000000000001,10.6171,56.3414,0.5485,0.11912172778248986,0.044571083518889054,0.9783463336366351,1.4287156079624699,-0.0020829274340671278,0.0713696228431473,0.1638861345232192,0.033768639472549156,0.01647762590490285,0.01542798968164438
6/25/2019,1780.2,15299.7236,7.672000000000001,10.6171,55.2833,0.5485,0.09626226231387158,0.04281870118126707,0.9599728417528529,1.4018841130975022,-0.018780151007962265,0.05124913954080945,0.13974670600289874,0.033768639472549156,0.017167555307093938,0.015659875493951248
6/26/2019,1780.2,15299.7236,7.672000000000001,10.6171,55.0188,0.5485,0.05998015624548447,0.011285894558380027,0.9553799028971112,1.3951768733358691,-0.004784446659298558,0.04815083642432172,0.13022524882137243,0.033768639472549156,0.017216892151168773,0.015683389126807962
6/27/2019,1780.2,15299.7236,7.672000000000001,10.6171,55.6458,0.5485,0.08028071946496351,0.017534289125518132,0.9662675122073195,1.4110764549258272,0.01139610460424434,0.06166517532629823,0.10373950971621926,0.033768639472549156,0.01730153366015547,0.015133176677205639
6/28/2019,1780.2,15299.7236,7.672000000000001,10.6171,56.7431,0.5485,0.12984548604197355,0.04518537692644653,0.9853216967305916,1.4389019906174716,0.01971936785885009,0.08100008953864735,0.13116309667387638,0.033768639472549156,0.01767539730951989,0.015276922181473874
7/1/2019,1780.2,15299.7236,7.672000000000001,10.6171,57.5268,0.5485,0.1488907883910242,0.008997116129702443,0.9989303401379445,1.4587751996957017,0.013811370897959474,0.1386462557969681,0.13493742009817078,0.033768639472549156,0.015016050751521024,0.015312567387742062
7/2/2019,1780.2,15299.7236,7.672000000000001,10.6171,56.5961,0.5485,0.13200576842686362,0.03873286623210115,0.9827690993325044,1.4351743375174337,-0.016178546347093925,0.0897948887793456,0.10914678001908817,0.033768639472549156,0.014925717641853034,0.01547282455605996
7/3/2019,1780.2,15299.7236,7.672000000000001,10.6171,57.4582,0.5485,0.12969706025764016,0.055540918885760515,0.9977391280188371,1.4570356282490173,0.015232498352359958,0.07025416072941981,0.11376412117264856,0.027594741643436338,0.013577390353506235,0.015522458168491873
7/4/2019,1780.2,15299.7236,7.672000000000001,10.6171,57.4582,0.5485,0.11363676007992995,0.03559640353444404,0.9977391280188371,1.4570356282490173,0.0,0.07535788679753774,0.11104837446558369,0.027594741643436338,0.013475426562600206,0.015523953802439634
7/5/2019,1780.2,15299.7236,7.672000000000001,10.6171,57.615,0.5485,0.09963622205341771,0.031014646547544933,1.0,1.4610117915557246,0.0027289403427188663,0.06655732363808697,0.1467702737400256,0.027594741643436338,0.013367206498778443,0.015031694945133445
7/8/2019,1780.2,15299.7236,7.672000000000001,10.6171,57.0664,0.5485,0.11253124134892456,0.057525022322211905,0.9904781740866094,1.44710029161912,-0.00952182591339057,0.0520141063952555,0.11539506474468597,0.027594741643436338,0.013646368345291402,0.014961500004464924
7/9/2019,1780.2,15299.7236,7.672000000000001,10.6171,57.2819,0.5485,0.12727469521494839,0.05439785887886317,0.9942185194827735,1.452564980347407,0.0037763026930031085,0.06911701851668672,0.10473837584930701,0.027594741643436338,0.013219568022685382,0.014889832460277535
7/10/2019,1780.2,15299.7236,7.672000000000001,10.6171,56.8998,0.5485,0.10624026689841415,0.04338654581581136,0.9875865659984379,1.4428756181057436,-0.006670518959741245,0.06024011075728253,0.06916929575506359,0.027594741643436338,0.013394089314627966,0.014585194589066272
7/11/2019,1780.2,15299.7236,7.672000000000001,10.6171,57.037,0.5485,0.10607773591199021,0.033884138856514534,0.9899678903063438,1.4463547609991123,0.0024112562785809644,0.06982755063378976,0.08319833789437503,0.027594741643436338,0.013219619556289858,0.014508179930361548
7/12/2019,1780.2,15299.7236,7.672000000000001,10.6171,57.9187,0.5485,0.11929709965678237,0.049814863485977634,1.0,1.4687130721440345,0.015458386661290069,0.06618522806972327,0.07751511103752229,0.027594741643436338,0.013034991574150322,0.014407765991599264
7/15/2019,1780.2,15299.7236,7.672000000000001,10.6171,57.4974,0.5485,0.10194295702036493,0.049746829135539405,0.9927260107702693,1.458029669075694,-0.00727398922973066,0.04972258685249731,0.06487315398206484,0.027594741643436338,0.01316903139861156,0.01444170916474793
7/16/2019,1780.2,15299.7236,7.672000000000001,10.6171,57.7913,0.5485,0.0642239847376882,-0.010284750394540354,0.9978003649943801,1.4654824394573347,0.005111535478125928,0.0752830020169244,0.07903939833563922,0.027594741643436338,0.012247881011969388,0.014401981516584509
7/17/2019,1780.2,15299.7236,7.672000000000001,10.6171,57.2133,0.5485,0.04399640890329226,0.0009141968753079155,0.9878208592388986,1.4508254089007226,-0.010001505416905365,0.04304286237769417,0.0682473799481309,0.027594741643436338,0.011932276097739298,0.01447161461699141
7/18/2019,1780.2,15299.7236,7.672000000000001,10.6171,58.4869,0.5485,0.07072780030572923,0.007416221955751645,1.0,1.4831215924939773,0.022260558296759658,0.0628455021570602,0.095795885254778,0.027594741643436338,0.01272088560367158,0.014700525664793464
7/19/2019,1780.2,15299.7236,7.672000000000001,10.6171,58.1636,0.5485,0.09925574257538017,0.06870490136415697,0.9944722664391514,1.4749232914923291,-0.005527733560848569,0.028586788712418487,0.07953866313276992,0.022260558296759658,0.011512797268662597,0.014691985143241524
7/22/2019,1780.2,15299.7236,7.672000000000001,10.6171,57.6444,0.5485,0.10138503308297397,0.07873614059356382,0.985595064877776,1.461757322175732,-0.008926545124442131,0.02099576683965365,0.07883463311380234,0.022260558296759658,0.011718108270634854,0.014699026781351142
7/23/2019,1780.2,15299.7236,7.672000000000001,10.6171,58.6045,0.5485,0.11631871690350093,0.07321040801554335,1.0,1.4861037149740077,0.016655564113773558,0.040167620967885176,0.08323644718333933,0.022260558296759658,0.012171865356055517,0.014758948903474407
7/24/2019,1780.2,15299.7236,7.672000000000001,10.6171,59.349,0.5485,0.12485856110444593,0.04780018687939824,1.0,1.504982883225561,0.012703802609014492,0.07354300484956577,0.06640959802778279,0.022260558296759658,0.011406027814057463,0.014415418919031935
7/25/2019,1780.2,15299.7236,7.672000000000001,10.6171,58.869,0.5485,0.11041529520723259,0.03779097732164094,0.9919122478896022,1.4928109547356407,-0.008087752110397806,0.06997971602434072,0.05686371666163992,0.022260558296759658,0.011547124253580746,0.01446206224338378
7/26/2019,1780.2,15299.7236,7.672000000000001,10.6171,59.446999999999996,0.5485,0.12271338296562373,0.05092408979138585,1.0,1.5074679852922528,0.009818410368784836,0.06831063620255251,0.07228020303103544,0.022260558296759658,0.011496765498657763,0.01448572552762761
7/29/2019,1780.2,15299.7236,7.672000000000001,10.6171,58.3008,0.5485,0.1141266647174497,0.08435906108884805,0.9807189597456559,1.4784024343856979,-0.019281040254344073,0.027451795901175746,0.05678271177961225,0.022260558296759658,0.011842091527863757,0.014695389941326279
7/30/2019,1780.2,15299.7236,7.672000000000001,10.6171,58.2224,0.5485,0.14684394543753387,0.13314226621362102,0.9794001379379953,1.4764143527323443,-0.0013447499862780932,0.012091755494830325,0.061708583766120206,0.022260558296759658,0.01150207674396792,0.014671562606167357
7/31/2019,1780.2,15299.7236,7.672000000000001,10.6171,56.8606,0.5485,0.12775017602316563,0.12250418984718214,0.9564923377125844,1.4418815772790667,-0.0233896232377917,0.004673466899662637,0.018147764163224167,0.022260558296759658,0.012120173109118068,0.014818879810151753
8/1/2019,1780.2,15299.7236,7.672000000000001,10.6171,54.5682,0.5485,0.06637041032285285,0.12284671860923657,0.917930257203896,1.3837504754659564,-0.040316141581341,-0.050297433612608855,-0.018124893163354416,0.022260558296759658,0.01452039714228213,0.015670427721767945
8/2/2019,1780.2,15299.7236,7.672000000000001,10.6171,54.1665,0.5485,0.0628176199352497,0.12740508191896383,0.9111729776103084,1.3735640928109547,-0.007361430283571724,-0.057288602845198766,-0.010677411047449348,0.022260558296759658,0.014549576194705009,0.015585688253844314
8/5/2019,1780.2,15299.7236,7.672000000000001,10.6171,52.6284,0.5485,0.008628124389112646,0.10419677183191456,0.8852995104883342,1.3345606694560668,-0.028395779679322053,-0.08655037750585792,-0.03156569838693657,0.022260558296759658,0.015521341239358288,0.015964955399747377
8/6/2019,1780.2,15299.7236,7.672000000000001,10.6171,53.226000000000006,0.5485,0.01568582550950337,0.08897030761010627,0.8953521624304004,1.3497147204260176,0.011355085847185364,-0.06729704344412812,-0.018115407319952648,0.022260558296759658,0.015828035441091882,0.01603061875514188
8/7/2019,1780.2,15299.7236,7.672000000000001,10.6171,52.746,0.5485,0.006887441491108204,0.0934748745828975,0.8872777431998251,1.3375427919360974,-0.009018149024912714,-0.0791855717076424,-0.03713385493298671,0.022260558296759658,0.015792614049394964,0.01600919411577936
8/8/2019,1780.2,15299.7236,7.672000000000001,10.6171,54.5584,0.5485,0.02692172315591934,0.07099256325748504,0.9177654044779384,1.3835019652592873,0.03436089940469422,-0.041149529523829664,0.03708209460230072,0.03436089940469422,0.01782702547317401,0.015801767252535303
8/9/2019,1780.2,15299.7236,7.672000000000001,10.6171,53.8726,0.5485,0.019426257427241245,0.07930590773190005,0.9062290780022542,1.366111322429314,-0.01257001671603275,-0.055479776285568994,0.004780262718613537,0.03436089940469422,0.017947446569426272,0.015709061565757673
8/12/2019,1780.2,15299.7236,7.672000000000001,10.6171,51.8055,0.5485,-0.003732721020930918,0.1138297217670905,0.871456928019917,1.31369341955116,-0.0383701547725559,-0.10554794910797372,-0.02495511129012218,0.03436089940469422,0.01905504208725522,0.016406344393121688
8/13/2019,1780.2,15299.7236,7.672000000000001,10.6171,52.9615,0.5485,0.01446180073362524,0.1013456178828307,0.8909028210002188,1.3430074806643844,0.022314233044753884,-0.07888878453634418,-0.016483098139058905,0.03436089940469422,0.019960490059186535,0.01656238222546972
8/14/2019,1780.2,15299.7236,7.672000000000001,10.6171,51.3646,0.5485,-0.03233731026674269,0.08873591541998938,0.8640402375224991,1.3025129960694815,-0.030152091613719345,-0.11120531983187776,-0.0327236296732909,0.03436089940469422,0.020652160850932022,0.016903808115345153
8/15/2019,1780.2,15299.7236,7.672000000000001,10.6171,51.1197,0.5485,-0.03369790406484385,0.08148779639487058,0.8599206015442328,1.2963027767211868,-0.004767875151368894,-0.10650670386081551,-0.03944102354999268,0.03436089940469422,0.02062534076580469,0.016909424207492023
8/16/2019,1780.2,15299.7236,7.672000000000001,10.6171,52.2071,0.5485,-0.007852482787061299,0.11148929215530878,0.8782125254428315,1.3238772663877265,0.021271642830454685,-0.1073710523211181,-0.02698718295185365,0.03436089940469422,0.02056066861608383,0.017097021867503562
8/19/2019,1780.2,15299.7236,7.672000000000001,10.6171,52.7852,0.5485,0.015844301305379505,0.11935090903142509,0.8879371541036555,1.3385368327627742,0.011073206517887568,-0.09247020473285694,-0.009048720413312505,0.03436089940469422,0.020864010489447717,0.017132665082252856
8/20/2019,1780.2,15299.7236,7.672000000000001,10.6171,52.1876,0.5485,0.005434876843494418,0.11056439105682436,0.8778845021615894,1.3233827817928236,-0.01132135522835942,-0.09466314160612299,0.004047928707202386,0.03436089940469422,0.020896500448018506,0.01691428905999766
8/21/2019,1780.2,15299.7236,7.672000000000001,10.6171,52.648,0.5485,0.014304842454075262,0.12906146747454494,0.8856292159402495,1.3350576898694053,0.008822019023676075,-0.10163895264015554,0.0011371372285038372,0.03436089940469422,0.020566999771505647,0.016885997868724235
8/22/2019,1780.2,15299.7236,7.672000000000001,10.6171,52.9909,0.5485,0.011380943837723922,0.13273123566169032,0.8913973791780916,1.343753011284392,0.006513067922808036,-0.10713070144400061,0.007657611403318665,0.03436089940469422,0.02034540757719042,0.01690493700408302
8/23/2019,1780.2,15299.7236,7.672000000000001,10.6171,51.2471,0.5485,-0.036223134962725556,0.10711787140890516,0.8620636869816812,1.2995334094078863,-0.03290753695445825,-0.1294722179755049,-0.02370297554070866,0.03436089940469422,0.021224489776785663,0.0174127546238486
8/26/2019,1780.2,15299.7236,7.672000000000001,10.6171,52.0014,0.5485,-0.017122400878517796,0.1236067612597882,0.8747523003683954,1.3186610878661087,0.014718881653791094,-0.12524769963160465,-0.007866263972968968,0.03436089940469422,0.021437192187176116,0.017513324661113928
8/27/2019,1780.2,15299.7236,7.672000000000001,10.6171,51.443000000000005,0.5485,-0.016021239235968876,0.11515170063082669,0.8653590593301598,1.3045010777228352,-0.010738172433818916,-0.1176278884680827,-0.01997092851577309,0.03436089940469422,0.021255474981013024,0.01756454088457494
8/28/2019,1780.2,15299.7236,7.672000000000001,10.6171,51.443000000000005,0.5485,-0.019582432033237618,0.10962159689730422,0.8653590593301598,1.3045010777228352,0.0,-0.11643972079474563,0.018227666704274004,0.03436089940469422,0.021271350607409336,0.01690137466063529
8/29/2019,1780.2,15299.7236,7.672000000000001,10.6171,52.119,0.5485,0.0003608431445560889,0.09137009070982449,0.8767305330798864,1.321643210346139,0.013140757731858521,-0.08338990443294647,0.0035854026742252465,0.03436089940469422,0.02124271294733294,0.016613681859496174
8/30/2019,1780.2,15299.7236,7.672000000000001,10.6171,52.1386,0.5485,0.006976016563210896,0.05389996407699105,0.8770602385318015,1.3221402307594774,0.0003760624724187256,-0.044524100116917875,-0.02883220176394452,0.03436089940469422,0.019544942919614523,0.0160482690035373
9/2/2019,1780.2,15299.7236,7.672000000000001,10.6171,52.1386,0.5485,0.0012847669655493554,0.040229145581957226,0.8770602385318015,1.3221402307594774,0.0,-0.03743826904082781,-0.024200989300359188,0.03436089940469422,0.01950965114064096,0.016038374294858507
9/3/2019,1780.2,15299.7236,7.672000000000001,10.6171,51.5997,0.5485,-0.045611173072761524,-0.026584322407737226,0.8679950207748078,1.3084747052111068,-0.010335912356680077,-0.019546480607428696,-0.044796703418759076,0.03436089940469422,0.018650062468132497,0.016021961461443777
9/4/2019,1780.2,15299.7236,7.672000000000001,10.6171,52.0354,0.5485,-0.03772154333224842,-0.015704056573068503,0.8753242383972278,1.3195232661341447,0.008443847541749427,-0.022368767143877144,-0.040731939776826875,0.03436089940469422,0.01856603371736837,0.016051502797835727
9/5/2019,1780.2,15299.7236,7.672000000000001,10.6171,53.361999999999995,0.5485,-0.02635280980471233,-0.037592393575191174,0.8976399145457298,1.3531634334981613,0.02549418280632021,0.011678610700337266,-0.004044517690798832,0.03436089940469422,0.019324585769278046,0.01630903623988365
9/6/2019,1780.2,15299.7236,7.672000000000001,10.6171,53.956,0.5485,-0.03359734058368169,-0.022807790542307527,0.9076320083435666,1.3682261950044377,0.011131516809715025,-0.01104137951259565,0.005386933100290925,0.02549418280632021,0.01791693328911127,0.016367527249609052
9/9/2019,1780.2,15299.7236,7.672000000000001,10.6171,55.4509,0.5485,-0.016688537381188806,-0.044676549865229065,0.932778777734789,1.4061341447952325,0.027705908518051547,0.02929689675270919,0.040077502804130916,0.027705908518051547,0.018685369086873786,0.016704452866714504
9/10/2019,1780.2,15299.7236,7.672000000000001,10.6171,56.0845,0.5485,-0.007959741396846187,-0.08364803792374564,0.9434370111191482,1.422201090401927,0.011426324910867036,0.08259740761116086,0.03242071081837805,0.027705908518051547,0.016384987538673856,0.016599286312149963
9/11/2019,1780.2,15299.7236,7.672000000000001,10.6171,56.1142,0.5485,0.009865745239894697,-0.046872188028650674,0.94393661580904,1.422954228477241,0.0005295580775437347,0.05952814780548121,0.0244696835536633,0.027705908518051547,0.01584246516396092,0.016570354479870545
9/12/2019,1780.2,15299.7236,7.672000000000001,10.6171,56.7874,0.5485,0.02618991255572567,-0.07180405543377877,0.9552609887799216,1.4400253581843538,0.011996963335483724,0.10557465647547137,0.05660412464741049,0.027705908518051547,0.014013032109286217,0.016445388138726733
9/13/2019,1780.2,15299.7236,7.672000000000001,10.6171,57.2527,0.5485,0.039234941333643025,-0.07208955332249067,0.9630881289215604,1.4518245213642702,0.00819371902922117,0.11997331752729368,0.043761154956127646,0.027705908518051547,0.013851147183908136,0.016280470664041553
9/16/2019,1780.2,15299.7236,7.672000000000001,10.6171,56.3518,0.5485,0.012239897683508527,-0.062210797838707865,0.9479334533281747,1.4289793330797513,-0.015735502430453074,0.07938958494151183,0.024045678065587772,0.027705908518051547,0.014096442799596612,0.016409893451437358
9/17/2019,1780.2,15299.7236,7.672000000000001,10.6171,56.5993,0.5485,0.01738015976301588,-0.05117880947073994,0.9520968257439401,1.4352554837073666,0.004392051363044436,0.07225699627926008,0.0009231242627827374,0.027705908518051547,0.01399769570999664,0.016048615515440744
9/18/2019,1780.2,15299.7236,7.672000000000001,10.6171,56.5795,0.5485,0.016850610780724695,-0.062080913843704066,0.9517637559506789,1.4347533916571573,-0.0003498276480450313,0.0841560064076523,0.0021342921411999782,0.027705908518051547,0.013619570603865962,0.016047273168519855
9/19/2019,1780.2,15299.7236,7.672000000000001,10.6171,56.332,0.5485,0.00793003249309332,-0.05798657333848645,0.9476003835349135,1.4284772410295423,-0.0043743758781891184,0.06997416805956536,-0.00016684001462508036,0.027705908518051547,0.01368750179959748,0.016055036546476956
9/20/2019,1780.2,15299.7236,7.672000000000001,10.6171,55.9954,0.5485,-0.014005789670157864,-0.06691048550117262,0.9419381970494727,1.4199416761759855,-0.005975289355961144,0.0566984142560325,0.012880924257415938,0.027705908518051547,0.013812344250696114,0.01589207150184094
9/23/2019,1780.2,15299.7236,7.672000000000001,10.6171,56.5498,0.5485,-0.016738969789176328,-0.10893979569658774,0.9512641512607869,1.4340002535818435,0.009900813281090937,0.10347317214047225,0.027826851912437167,0.027705908518051547,0.011203886838021818,0.015923541910007992
9/24/2019,1780.2,15299.7236,7.672000000000001,10.6171,55.9855,0.5485,-0.01730344928060268,-0.0872351517342943,0.9417716621528421,1.4196906301508811,-0.009978815132856256,0.07661524497417393,0.0061046835520379705,0.027705908518051547,0.011400668771640707,0.015916673811967832
9/25/2019,1780.2,15299.7236,7.672000000000001,10.6171,56.2132,0.5485,-0.02387980912822718,-0.10671246292656156,0.9456019647753462,1.425464688728287,0.004067124523314147,0.09272787356880419,-0.009338580373648875,0.027705908518051547,0.0109183430032839,0.015728469897629386
9/26/2019,1780.2,15299.7236,7.672000000000001,10.6171,56.1538,0.5485,-0.017787083243689494,-0.1001859344034618,0.9446027553955625,1.4239584125776592,-0.001056691310937663,0.09157319751958459,-0.02386713670845597,0.027705908518051547,0.01094150355334882,0.015628715423660157
9/27/2019,1780.2,15299.7236,7.672000000000001,10.6171,56.7973,0.5485,0.019720317636434448,-0.06427236444525841,0.9554275236765523,1.4402764042094585,0.011459598459943932,0.08976189105700416,0.003555015274904205,0.027705908518051547,0.010879078337996794,0.015562509736607052
9/30/2019,1780.2,15299.7236,7.672000000000001,10.6171,56.5696,0.5485,0.07114238322818145,-0.012758367353121636,0.9515972210540482,1.4345023456320527,-0.00400899338524896,0.08498502069484037,-0.01546515553915706,0.027705908518051547,0.010996738539343695,0.015450665043364693
10/1/2019,1780.2,15299.7236,7.672000000000001,10.6171,54.6292,0.5485,0.043406179927649946,-0.004163753948881355,0.9189563813144482,1.3852973247115505,-0.03430110872270631,0.047768831537478906,-0.04923579228030117,0.027705908518051547,0.013802183319956531,0.016039189843934643
10/2/2019,1780.2,15299.7236,7.672000000000001,10.6171,53.1739,0.5485,0.026031938376993358,-0.004343480341458261,0.8944757515097483,1.3483935590211742,-0.02663959933515403,0.030507929309666615,-0.07708235702508026,0.027705908518051547,0.014959422731175795,0.01636223146901405
10/3/2019,1780.2,15299.7236,7.672000000000001,10.6171,52.8274,0.5485,0.01953087306090473,0.004245841969761965,0.8886470301276768,1.3396069481425128,-0.0065163548282146655,0.015220407645564205,-0.0742818891677065,0.027705908518051547,0.014970377935618392,0.016341767612595728
10/4/2019,1780.2,15299.7236,7.672000000000001,10.6171,54.2035,0.5485,0.03640372010493387,0.02031373088895516,0.9117953807593319,1.3745023456320526,0.0260489821569867,0.015769648813762638,-0.05374123414202392,0.027705908518051547,0.015016504979648423,0.016686085613306118
10/7/2019,1780.2,15299.7236,7.672000000000001,10.6171,53.7481,0.5485,0.051560571051813,0.05562805330182141,0.9041347755143238,1.362954228477241,-0.008401671478779016,-0.0038531395952258185,-0.05539035286591509,0.027705908518051547,0.014952836231286385,0.016697433232603486
10/8/2019,1780.2,15299.7236,7.672000000000001,10.6171,51.8472,0.5485,0.019484311678199306,0.09034475571364808,0.8721583931905732,1.314750855838722,-0.035366831571720714,-0.06498902632779624,-0.0909900590844539,0.0260489821569867,0.015420425780342703,0.01725067546220414
10/9/2019,1780.2,15299.7236,7.672000000000001,10.6171,52.768,0.5485,0.05773355409539005,0.12421273337369065,0.8876478207478932,1.3381006719918853,0.017759879029147108,-0.05913398532571379,-0.08892982749958134,0.0260489821569867,0.01577617431710054,0.017289272400995166
10/10/2019,1780.2,15299.7236,7.672000000000001,10.6171,53.4115,0.5485,0.0945899143165716,0.14997776452529799,0.8984725890288828,1.3544186636236843,0.012194890842935013,-0.048164279273338995,-0.07106234368858422,0.0260489821569867,0.016100530197446093,0.017355171467441293
10/11/2019,1780.2,15299.7236,7.672000000000001,10.6171,54.7975,0.5485,0.1794529069029125,0.222283206450266,0.9217874745571686,1.3895651071383288,0.025949467811239302,-0.035041223933478194,-0.05180364518534797,0.0260489821569867,0.01698052208720545,0.017669637823396193
10/14/2019,1780.2,15299.7236,7.672000000000001,10.6171,54.7084,0.5485,0.16562550602111847,0.21983474948226034,0.9202886604874931,1.3873056929123873,-0.0016259865869793222,-0.044439825545345424,-0.043781778013154304,0.0260489821569867,0.01683309278972933,0.017629908891040796
10/15/2019,1780.2,15299.7236,7.672000000000001,10.6171,55.2727,0.5485,0.2660092993426326,0.29072585263061446,0.929781149595438,1.4016153163433498,0.010314686592918232,-0.019149343942873154,-0.05495589610664953,0.0260489821569867,0.016731882500024893,0.017443802066798648
10/16/2019,1780.2,15299.7236,7.672000000000001,10.6171,54.847,0.5485,0.2611955914376576,0.3014893729549002,0.9226201490403217,1.390820337263852,-0.007701813010763003,-0.030959746851992875,-0.05702191748791341,0.0260489821569867,0.016752860793104913,0.01745556053446561
10/17/2019,1780.2,15299.7236,7.672000000000001,10.6171,54.9361,0.5485,0.25095581722087745,0.288377854642915,0.9241189631099973,1.3930797514897932,0.0016245191168158257,-0.029045855831175582,-0.0469828812512576,0.0260489821569867,0.016764361099592777,0.017426736968229897
10/18/2019,1780.2,15299.7236,7.672000000000001,10.6171,55.441,0.5485,0.24046010753145297,0.26039571395649075,0.9326122428381585,1.405883098770128,0.009190677896683486,-0.015816942412838153,-0.05398049637826441,0.0260489821569867,0.01689947848779312,0.017332550475042223
10/21/2019,1780.2,15299.7236,7.672000000000001,10.6171,56.2627,0.5485,0.2300976859706505,0.22425358123589811,0.9464346392584992,1.42671991885381,0.01482116123446553,0.0047736064033832015,-0.05200256112150148,0.0260489821569867,0.017177146344860287,0.017361052360259293
10/22/2019,1780.2,15299.7236,7.672000000000001,10.6171,56.2033,0.5485,0.24455924817091534,0.2522321033144963,0.9454354298787155,1.4252136427031823,-0.0010557616324847752,-0.006127342625438126,-0.045281897093546686,0.0260489821569867,0.01703896914613482,0.017335362295607223
10/23/2019,1780.2,15299.7236,7.672000000000001,10.6171,56.7577,0.5485,0.24427710183053808,0.22734845993642439,0.9547613840900299,1.4392722201090402,0.009864189469301676,0.01379285707906508,-0.04523861590997014,0.0260489821569867,0.017017043362044904,0.01733580642956926
10/24/2019,1780.2,15299.7236,7.672000000000001,10.6171,56.827,0.5485,0.23960307921183,0.22621387390413794,0.9559271283664441,1.4410295422847723,0.0012209797084801188,0.010919143546355592,-0.02527924145123228,0.0260489821569867,0.017000976420371655,0.017170844664178585
10/25/2019,1780.2,15299.7236,7.672000000000001,10.6171,53.9659,0.5485,0.15027133716146812,0.19690594639758885,0.9077985432401972,1.368477241029542,-0.050347546060851345,-0.038962634763809345,-0.07310760119816428,0.0260489821569867,0.02032657047615096,0.01829392112501518
10/28/2019,1780.2,15299.7236,7.672000000000001,10.6171,54.5302,0.5485,0.15948186043742485,0.2076874662448065,0.9172910323481421,1.3827868644605046,0.010456603151249189,-0.039915629792261265,-0.04098444265449186,0.0260489821569867,0.020295278916480974,0.018123120841866184
10/29/2019,1780.2,15299.7236,7.672000000000001,10.6171,54.451,0.5485,0.1631995624997331,0.2084577688340874,0.9159587531750972,1.3807784962596676,-0.0014524061895977436,-0.037451210544179214,-0.00214777104614039,0.0260489821569867,0.020288648427908913,0.01739272360726617
10/30/2019,1780.2,15299.7236,7.672000000000001,10.6171,53.7778,0.5485,0.16584611849279285,0.18430357464170122,0.9046343802042156,1.3637073665525548,-0.012363409303777773,-0.01558507171988599,-0.007176022080067956,0.0260489821569867,0.01904851018539024,0.017438763849641405
10/31/2019,1780.2,15299.7236,7.672000000000001,10.6171,52.8472,0.5485,0.1358516114472399,0.14287341622516214,0.8889800999209381,1.340109040192722,-0.017304538303909767,-0.006143991695173767,0.004157451110047061,0.0260489821569867,0.018511125151188933,0.017201468779424987
11/1/2019,1780.2,15299.7236,7.672000000000001,10.6171,54.0055,0.5485,0.17708278844309588,0.1514053809000715,0.9084646828267197,1.3694814251299605,0.02191790671975058,0.022300927170370022,0.014645098260248623,0.0260489821569867,0.019052495700386893,0.0173625507501222
11/4/2019,1780.2,15299.7236,7.672000000000001,10.6171,54.8619,0.5485,0.1908171770405549,0.17652612934874146,0.9228707924706041,1.3911981742107264,0.01585764412883872,0.012146817087457462,0.040114890228642786,0.025949467811239302,0.01851068418399999,0.017428101969191985
11/5/2019,1780.2,15299.7236,7.672000000000001,10.6171,55.7083,0.5485,0.21620830959133186,0.17341376140980547,0.937108685047185,1.4126613414479523,0.01542782878463922,0.03647012638586289,0.02107649784451171,0.025949467811239302,0.018652080050777092,0.01699753790134621
11/6/2019,1780.2,15299.7236,7.672000000000001,10.6171,55.7479,0.5485,0.19770761942615311,0.11390359970351605,0.9377748246337074,1.4136655255483708,0.0007108456011042374,0.07523453532688351,0.034809903364604766,0.025949467811239302,0.016598791533110682,0.016915303121146863
11/7/2019,1780.2,15299.7236,7.672000000000001,10.6171,55.3024,0.5485,0.21338394365579139,0.15777694889966432,0.9302807542853299,1.4023684544186634,-0.007991332408933793,0.0480291085506368,0.06750055496038065,0.025949467811239302,0.016450430466949134,0.01620195251001545
11/8/2019,1780.2,15299.7236,7.672000000000001,10.6171,54.748000000000005,0.5485,0.18957136928468854,0.16053173066685789,0.9209548000740156,1.388309877012806,-0.010024881379469885,0.025022701103694978,0.03373205064055962,0.025949467811239302,0.01650120835629814,0.01603257565831367
11/11/2019,1780.2,15299.7236,7.672000000000001,10.6171,55.0054,0.5485,0.1951641885740485,0.19064691145571921,0.9252847073864116,1.3948370736655256,0.004701541608825854,0.003793968702951789,0.07088150204615618,0.02191790671975058,0.015538106571161838,0.015546371382554543
11/12/2019,1780.2,15299.7236,7.672000000000001,10.6171,55.3123,0.5485,0.20581233622692996,0.19264727041250085,0.9304472891819605,1.4026195004437683,0.005579452199238499,0.011038524248561554,0.08201534829038515,0.02191790671975058,0.015573032067155646,0.015536879913534847
11/13/2019,1780.2,15299.7236,7.672000000000001,10.6171,53.857,0.5485,0.15779177504998176,0.18822580991895443,0.9059666593772605,1.3657157347533915,-0.026310603608962202,-0.025613006059049037,0.03160298120370597,0.02191790671975058,0.016460965062139763,0.015709479726536624
11/14/2019,1780.2,15299.7236,7.672000000000001,10.6171,54.0451,0.5485,0.1644488781063762,0.18172651392078887,0.9091308224132421,1.370485609230379,0.003492582208440842,-0.014620672051342876,0.023868432818289875,0.02191790671975058,0.01641781364618177,0.015657038989761778
11/15/2019,1780.2,15299.7236,7.672000000000001,10.6171,54.0748,0.5485,0.1308484897914799,0.14886057313265533,0.909630427103134,1.3712387473056928,0.0005495410314719784,-0.015678215235519044,0.036161846875502945,0.02191790671975058,0.016412301848845474,0.015583784805331645
11/18/2019,1780.2,15299.7236,7.672000000000001,10.6171,53.7382,0.5485,0.13919215130945783,0.17528968333043626,0.9039682406176931,1.3627031824521363,-0.006224710955935242,-0.030713731714795967,0.02070733931013513,0.02191790671975058,0.01629580080970293,0.015572358362535791
11/19/2019,1780.2,15299.7236,7.672000000000001,10.6171,54.2431,0.5485,0.14569859541662256,0.18835568697856164,0.9124615203458544,1.3755065297324711,0.009395551023294368,-0.03589589550448169,0.02363047240186522,0.02191790671975058,0.016067913013095618,0.015594690953288186
11/20/2019,1780.2,15299.7236,7.672000000000001,10.6171,53.7382,0.5485,0.15876520741600064,0.21192054408156058,0.9039682406176931,1.3627031824521363,-0.00930809632930274,-0.04386041389028761,0.04860957985915282,0.02191790671975058,0.016154250255691047,0.015053531672602706
11/21/2019,1780.2,15299.7236,7.672000000000001,10.6171,53.7976,0.5485,0.22175363533341974,0.288978064228955,0.9049674499974768,1.364209458602764,0.0011053589439171674,-0.05215327611936349,0.03454137773213817,0.02191790671975058,0.015944120518364704,0.014948817673815715
11/22/2019,1780.2,15299.7236,7.672000000000001,10.6171,54.0748,0.5485,0.22804889957781782,0.29055188029005463,0.909630427103134,1.3712387473056928,0.005152646214701129,-0.0484312034772203,0.05115953579690147,0.02191790671975058,0.016012004960067886,0.014887501341242611
11/25/2019,1780.2,15299.7236,7.672000000000001,10.6171,54.3025,0.5485,0.256222991292439,0.24843615534807117,0.9134607297256381,1.3770128058830988,0.004210833881955978,0.006237272055131138,0.05558579398557617,0.02191790671975058,0.011646690571488863,0.01489283665297515
11/26/2019,1780.2,15299.7236,7.672000000000001,10.6171,54.0946,0.5485,0.26917085073436264,0.2793909248744779,0.9099634968963952,1.371740839355902,-0.003828553013213054,-0.007988234042787368,0.03790556227095676,0.02191790671975058,0.011442941421285597,0.01482243618796506
11/27/2019,1780.2,15299.7236,7.672000000000001,10.6171,54.6589,0.5485,0.32632143437779804,0.3212766525361008,0.9194559860043401,1.3860504627868644,0.010431725162955319,0.0038181116967548334,0.048338467085806025,0.02191790671975058,0.011675605157222511,0.014872949824975196
11/28/2019,1780.2,15299.7236,7.672000000000001,10.6171,54.6589,0.5485,0.3534355322357392,0.331618187805959,0.9194559860043401,1.3860504627868644,0.0,0.01638408413880832,0.048338467085806025,0.02191790671975058,0.011314076031219618,0.014872949824975196
11/29/2019,1780.2,15299.7236,7.672000000000001,10.6171,54.55,0.5485,0.3283203748030652,0.2868563246799736,0.9176241021414033,1.3832889565107136,-0.001992356231098835,0.03222119620339381,0.057176689011757764,0.02191790671975058,0.010554487548852983,0.014808661595453335
12/2/2019,1780.2,15299.7236,7.672000000000001,10.6171,53.85,0.5485,0.2970246711675151,0.30077002560329125,0.9058489074301479,1.3655382274629135,-0.012832263978001746,-0.002879336363888818,0.03487241377984995,0.01585764412883872,0.009908181059050657,0.014878414379787487
12/3/2019,1780.2,15299.7236,7.672000000000001,10.6171,52.35,0.5485,0.25020299380033073,0.3101912440415351,0.8806163473346007,1.3275009509319133,-0.027855153203342642,-0.045785873256303455,-0.01896480641655096,0.01542782878463922,0.010929310038520733,0.01495980500191969
12/4/2019,1780.2,15299.7236,7.672000000000001,10.6171,52.8,0.5485,0.2566282379596925,0.3258451300895824,0.8881861153632647,1.3389121338912133,0.008595988538681931,-0.05220586519423509,-0.021424864704574165,0.010431725162955319,0.010471319547406112,0.014932233202808324
12/5/2019,1780.2,15299.7236,7.672000000000001,10.6171,52.79,0.5485,0.259555827026408,0.33013056051308,0.8880178982959611,1.3386585520476733,-0.00018939393939387816,-0.053058500858328306,-0.04798659715171438,0.010431725162955319,0.010459365236106341,0.014497668363610888
12/6/2019,1780.2,15299.7236,7.672000000000001,10.6171,53.66,0.5485,0.29214957727011104,0.3316990827808908,0.9026527831513785,1.3607201724356535,0.016480394014017685,-0.029698530262701084,-0.04322941276110159,0.016480394014017685,0.011161344760752673,0.014579468361640046
12/9/2019,1780.2,15299.7236,7.672000000000001,10.6171,53.25,0.5485,0.2861417920000773,0.32232283245859583,0.895755883391929,1.3503233168505133,-0.007640700708162473,-0.02736173010886256,-0.051042338659376685,0.016480394014017685,0.01108079231840699,0.014605613564362777
12/10/2019,1780.2,15299.7236,7.672000000000001,10.6171,53.24,0.5485,0.33319644113677294,0.3774042735406582,0.8955876663246254,1.3500697350069735,-0.00018779342722996528,-0.032095030669716085,-0.06246808270848814,0.016480394014017685,0.011000314192902852,0.014514821768042979
