Ticker,IQ_PE_EXCL,IQ_PE_NORMALIZED,IQ_PBV,IQ_TOTAL_DEBT_EQUITY,IQ_TOTAL_DEBT_CAPITAL,IQ_NI_MARGIN,IQ_NI_NORM_MARGIN,IQ_RETURN_COMMON_EQUITY,IQ_RETURN_ASSETS,IQ_BETA_2YR,IQ_BETA_5YR,IQ_MarketCap,predictions
AAPL,22.76787,30.61689,13.29268,119.4047,54.4221,21.238,15.799,55.9172,11.3473,1.11336,1.22827,1203102.864,2
MSFT,28.63205,41.02506,10.92258,80.6799,44.6535,31.656,22.0517,42.8,10.6439,1.0719,1.23047,1157289.812,2
AMZN,77.61561,105.62703,15.3437,132.0007,56.8966,4.2743,3.1373,23.7303,5.2185,1.36685,1.51647,867010.5146,1
FB,32.1421,39.21898,6.10429,9.7149,8.8547,27.0829,22.1839,20.6698,13.2268,1.21337,1.06229,576794.2534,2
JPM,13.33257,16.55956,1.79455,91.9962,49.5477,32.5291,24.8785,14.21,1.3002,1.10356,1.21855,420790.0863,4
V,34.26244,43.70542,13.46286,48.2326,32.5384,52.5743,41.2151,40.3407,13.609,1.03657,0.93343,392193.4617,2
JNJ,26.77369,28.83576,6.34486,51.8982,34.1664,17.3194,16.0728,23.0404,8.5677,0.75607,0.7014,371041.3708,2
WMT,23.95364,29.10184,4.74613,97.829,49.4513,2.7686,2.2763,20.087,5.8352,0.6584,0.37737,337623.8174,5
PG,78.61903,33.25588,6.78244,64.7156,39.2893,6.2376,13.8337,8.3116,8.0963,0.59762,0.38129,310878.6099,2
BAC,12.41251,15.43881,1.24887,91.9962,49.5477,32.1608,24.4798,10.8494,1.1631,1.2848,1.64276,302595.413,4
XOM,20.25635,24.3367,1.54861,26.8313,21.1551,5.617,4.6753,7.7048,2.5313,1.02792,1.00072,291777.0743,0
MA,43.19173,52.02723,59.26531,162.7847,61.946,42.4981,35.2628,129.0003,23.5269,1.14393,1.03576,292620.9142,2
T,17.12229,24.96096,1.52412,101.6302,50.4042,8.9748,6.1646,8.9218,3.2265,0.86328,0.5808,278831.85,5
DIS,23.55024,38.91276,2.99384,45.6831,31.3578,15.889,9.087,15.1703,5.1067,0.8598,1.02443,266015.9635,2
UNH,20.38384,25.87426,4.82471,75.1401,42.9028,5.5651,4.3838,25.4042,7.3457,1.01369,0.63776,265749.8876,2
VZ,15.72506,15.45369,4.29505,218.6463,68.6172,12.2619,12.4785,28.4069,7.2099,0.60585,0.48532,252613.6995,2
INTC,13.29886,19.01897,3.32862,39.7079,28.4221,27.4636,19.2391,26.5404,10.3765,1.13084,0.90946,248254.5,2
HD,21.33558,25.32869,3.26712,91.9962,103.1852,10.0104,8.4306,9331.9327,20.5942,0.99694,1.00319,231256.1762,3
KO,29.11894,37.06923,12.45847,211.7922,67.9273,23.087,18.8516,43.2647,6.7595,0.55441,0.41401,231148.3098,2
WFC,11.69739,14.64987,1.34249,91.9962,49.5477,27.1843,20.1502,12.061,1.2193,1.03604,1.11531,224875.0288,4
MRK,24.82654,26.26987,8.44498,100.6908,50.1721,20.261,19.12,31.4343,10.7799,0.72549,0.52618,226541.669,2
CVX,16.92905,18.53865,1.43186,23.5295,19.0477,9.108,8.3093,8.5735,3.287,0.93135,1.02171,219776.0744,0
PFE,13.54631,21.62436,3.25398,82.543,45.2183,30.5737,19.1828,23.7729,5.9443,0.98426,0.64975,211514.1568,2
BA,53.29118,82.50569,3.26712,91.9962,117.2571,4.366,2.8236,15.1807,2.191,0.97365,1.23733,196976.9316,0
PEP,15.6289,32.63692,13.5717,239.363,70.533,18.7781,8.9948,101.5932,8.988,0.58702,0.53818,191177.0848,2
CSCO,17.44683,20.73441,5.4012,57.0664,36.3326,21.1536,17.7626,28.1023,9.1179,1.17193,1.20384,187847.3866,2
ORCL,17.94517,24.85836,9.80414,298.5225,74.9073,27.7124,20.0017,38.7787,7.4998,1.10066,1.14534,184838.5411,2
C,10.04905,12.02235,0.93564,91.9962,49.5477,28.7845,22.5185,9.8522,0.9531,1.3504,1.80895,164940.3022,4
MDT,32.1179,39.38937,2.99702,52.5187,34.4343,15.4154,12.5639,9.5064,4.8715,0.85223,0.60483,149746.9755,5
NKE,36.22739,49.04635,16.44783,74.1413,42.5753,10.8061,7.9904,47.3175,12.7765,0.79794,0.82589,151703.0657,2
ABT,46.45079,59.5934,4.75116,62.466,38.4486,10.4991,8.1386,10.4667,4.2152,1.0721,1.11193,150159.5739,0
ADBE,54.48859,83.21954,14.49723,40.3942,28.7719,26.0977,17.0528,29.0801,10.6441,1.15184,1.10076,147034.0367,2
MCD,25.64305,30.52836,3.26712,91.9962,123.3445,28.0917,23.595,15.1807,13.7325,0.5582,0.45397,146642.3324,2
BMY,17.32707,18.71294,5.53466,145.156,59.2096,23.3938,21.6853,36.148,9.8363,0.75431,0.68165,146300.5732,2
CRM,176.40932,27.677715,4.20676,19.5108,16.3255,4.6435,2.4329,3.0684,1.0829,1.38695,1.23367,138717.93,1
AMGN,17.9803,25.09739,12.75498,277.0842,73.4807,34.4817,24.6847,63.8313,9.8192,1.1029,1.11797,139044.8904,2
NFLX,98.48746,109.30005,19.63076,197.3235,66.3666,7.4904,6.7291,23.8204,5.4354,1.69686,1.30161,131006.4578,1
COST,35.70763,44.53882,8.50654,46.4835,31.7329,2.3961,1.9208,26.0965,6.8668,0.84807,0.88202,130458.9431,5
NVDA,54.3362,92.62077,11.5791,22.7215,18.5147,24.0666,14.137,23.307,9.1203,1.86787,2.03723,133012.08,4
PM,17.35444,21.85236,3.26712,91.9962,139.1691,25.2745,20.0293,15.1807,16.5671,0.84208,1.02519,132000.4029,2
ACN,27.51867,34.2626,8.93719,0.1528,0.1525,11.0589,8.8946,38.582,14.5307,1.03388,1.03664,128469.3088,2
ABBV,39.95515,17.51522,3.26712,91.9962,126.8665,9.9035,22.475,15.1807,13.4459,1.2402,0.95275,128213.7902,2
TMO,36.00938,54.69387,4.37286,60.5382,37.7095,14.2426,9.37,12.7726,4.6911,1.12103,1.12211,127547.2895,0
UTX,24.8008,22.99214,3.10594,110.0847,52.4001,6.725,7.2508,13.9995,5.3367,0.99439,1.22563,125724.1675,0
HON,20.48893,27.63703,6.92319,105.5097,51.3405,17.0591,12.6417,34.6759,7.7101,1.00032,1.14322,125765.0412,2
AVGO,44.30102,55.88083,5.84978,174.6965,63.5961,13.4381,10.7006,12.2724,5.1419,0.9694,0.91442,126823.5795,2
PYPL,48.97635,68.61783,7.43161,33.2281,24.9408,14.8852,10.6165,16.0516,3.4447,1.21167,0.95482,123889.0453,0
UNP,20.2695,25.31274,6.63995,153.4968,60.5517,27.2772,21.8509,31.4011,8.9094,1.01494,1.07658,121103.1699,2
IBM,15.4673,17.3723,6.57076,395.1146,79.8026,9.9985,8.9053,40.9062,5.1282,1.04578,1.34301,118462.8659,0
LLY,26.52568,30.63819,32.18859,459.7897,82.1361,31.9114,15.085,52.7975,9.5253,0.76024,0.16589,115964.5945,2
NEE,35.03738,55.11854,3.13085,103.8444,50.9429,16.9209,10.8051,9.0791,3.1622,0.26668,0.15421,115243.5824,5
TXN,22.70716,31.41733,12.73653,68.414,40.6225,35.1593,25.2711,52.8383,20.3336,1.10607,1.19211,115650.4176,2
LMT,18.3913,25.73261,27.92388,371.6789,78.7991,10.2579,7.3281,247.5186,10.7813,0.79368,0.95231,108947.2645,2
DHR,43.96494,48.89961,3.44473,56.2357,35.9941,12.1341,10.7033,8.3006,4.0488,0.93769,0.82991,107777.24699999999,5
SBUX,29.56164,42.73314,3.26712,91.9962,224.4582,13.5774,9.397,15.1807,11.2841,0.73718,0.504,102262.79,2
UPS,20.44375,25.31528,18.14335,475.0627,82.6105,6.813,5.5,115.5036,7.0407,1.27717,1.22326,100185.1115,0
CHTR,84.79172,101.77936,3.0474,187.9423,65.2708,2.7634,2.3019,3.5674,2.6398,1.13963,1.1968,100059.6145,1
AXP,14.56875,19.63439,4.30058,269.4983,72.9362,18.0685,13.168,31.224,3.6923,1.13281,1.04273,98716.19148,4
MMM,20.33271,26.59692,9.2136,189.5113,65.459,15.477,11.8493,47.2362,10.0516,1.24184,1.09611,97034.04753,2
CVS,21.2319,15.60841,1.56584,142.4975,58.7624,1.8361,2.4956,8.997,4.1483,1.23761,0.88243,95425.70991,0
GE,22.610205,43.00842,3.47103,330.7059,76.7823,-4.1189,1.8731,0.0303,1.5297,1.04579,1.17639,95807.03253,0
QCOM,23.34819,21.28208,19.5506,324.5671,76.4465,18.0694,19.7956,153.4639,15.3806,0.94908,1.6367,99329.08463,2
MO,54.19498,14.37052,8.93051,261.3619,72.3269,8.9282,33.2166,13.5181,13.6193,0.64775,0.45714,93966.76345,2
AMT,58.92978,65.19542,17.93176,445.952,81.6833,20.5777,18.6017,30.265,5.3768,0.39249,0.40181,93708.47842999999,5
USB,13.82105,17.37662,1.98785,91.9962,49.5477,34.1763,25.9536,15.1255,1.5363,1.01138,1.12571,92540.15547,4
LOW,31.14502,25.56131,36.3316,906.7127,90.0666,4.1062,4.99,74.8599,10.4524,1.101,1.27165,90183.49909,2
FIS,69.83784,69.90055,1.72961,42.1584,29.6559,8.2332,8.21,2.544,1.8305,0.8155,0.63818,83278.34133,5
GILD,31.97215,28.4172,4.12169,122.01,54.9569,12.0411,13.5283,12.3915,5.2227,1.11967,1.13544,85751.56958,0
BKNG,19.82689,26.34549,13.65072,153.1003,60.4899,29.0495,21.8624,54.5815,14.5389,1.0915,1.09505,80609.05552000001,2
MS,10.65066,12.73669,1.09467,374.1292,78.9087,21.3091,16.6555,10.8118,0.9602,1.34199,1.38299,80039.66591,4
GS,10.03738,11.72466,0.9937,487.5708,82.9807,26.9483,21.5673,10.8513,0.9251,1.31075,1.37062,78320.51348,4
CAT,13.57346,16.60372,5.27524,257.5001,72.0279,10.9876,8.9812,39.2377,6.5051,1.51961,1.51388,79582.80773,0
FISV,55.17415,58.82459,2.38589,68.5749,40.6792,12.1149,11.3886,5.2759,2.4037,0.77083,0.79438,77922.76607,5
MDLZ,19.87524,31.29008,2.89361,75.7497,43.1009,15.4189,9.7777,15.1809,3.9598,0.73784,0.75439,77649.72833,5
BLK,19.14332,23.92162,2.37383,20.3606,16.9163,29.3083,23.4522,12.6561,1.9809,1.31619,1.55439,76641.5473,4
SYK,22.60291,38.59806,6.20114,71.2951,41.6212,23.548,13.7981,30.8996,8.6961,1.03787,0.7633,74123.712,2
CI,16.37607,16.81017,1.66279,88.1005,46.8369,3.2939,3.2102,14.1773,4.1289,1.00742,0.75261,71604.31489,0
CME,36.09357,42.03817,2.74875,16.8759,14.4392,40.9869,35.2424,8.1171,2.2778,0.37694,0.19808,73360.63016,4
ADP,31.29706,38.19532,13.74248,119.9227,54.5294,16.502,13.5261,47.2095,5.2248,0.98323,0.88138,72364.4284,2
ANTM,17.38359,22.03465,2.31061,68.0933,40.5092,4.2909,3.3837,14.2256,5.0524,0.84364,0.76526,71149.97338,5
TJX,23.54314,27.7184,12.99018,206.9487,67.4212,7.6995,6.5494,57.9465,13.5573,0.85375,0.68449,72660.26382000001,2
EL,38.90227,43.28868,15.75943,133.7428,57.2179,12.3408,11.073,42.0769,12.1183,0.78023,0.76831,71444.57908,2
BDX,66.16497,48.8741,3.34445,91.9785,47.9108,7.1312,8.4767,5.1389,3.4553,1.06092,1.07287,70606.25941,0
CB,19.29639,25.21348,1.26489,30.4148,23.3216,10.9935,8.4091,6.8924,1.6436,0.64865,0.67202,68873.15428999999,5
COP,8.46683,13.9486,1.93472,44.6238,30.8551,23.4957,14.2515,24.8509,6.9954,0.91346,1.09178,67679.53138,4
ISRG,53.1878,77.97152,8.72161,0.99,0.9803,30.9396,21.1122,18.7167,9.9423,1.46301,1.13385,66430.49494,4
PNC,13.78071,17.49274,1.48637,91.9962,49.5477,31.6704,23.6927,11.4774,1.3657,1.11176,1.13396,67916.41386,4
SPGI,32.55019,41.52361,193.81074,180.9641,64.4082,32.195,25.2557,334.6123,19.4675,0.90508,1.04983,66513.46,7
INTU,42.83946,56.4478,18.35886,21.3322,17.5816,22.7895,17.2814,49.2595,21.0827,1.15857,1.06002,65571.24035,2
D,65.02828,34.15786,2.40748,140.8051,58.4726,6.4044,11.7746,4.2547,2.6682,0.17699,0.22101,66588.25452,5
DUK,18.68497,24.95389,1.47128,130.8899,56.6893,14.332,10.5677,7.9661,2.3768,0.16032,0.05855,64883.92525,5
SO,14.23475,26.37827,2.36864,148.9402,59.8297,20.9504,11.2976,17.4689,2.8983,0.19872,0.1576,63647.66579,5
TGT,20.05994,24.81581,5.48722,121.8016,54.9146,4.1768,3.3635,28.5878,6.6542,0.71557,0.55647,63747.52982,5
SCHW,18.06311,21.14767,3.39923,44.7831,30.9312,35.1168,28.6651,19.7256,1.3743,1.30369,1.40765,63715.13556,4
BSX,57.25181,67.86999,6.33443,115.4758,53.591,10.4888,8.8048,12.1191,4.7231,1.12866,0.7842,61077.3498,5
AGN,22.610205,27.677715,1.04571,39.4559,28.2927,-58.5025,0.8483,-14.3487,0.6267,1.15925,1.64048,61269.68199,0
RTN,18.57485,25.1023,4.65809,42.1401,29.6469,11.4658,8.4904,27.1035,7.9367,0.93243,0.88716,60658.29577999999,0
CL,25.27175,29.89216,3.26712,5059.7701,98.0619,15.0429,12.7275,15.1807,16.066,0.67113,0.70161,57816.20307999999,2
NOC,19.56604,26.56663,5.97694,162.717,61.9362,9.0545,6.6658,31.9953,6.3968,0.77524,0.77524,58769.059089999995,5
ZTS,40.30936,50.88508,21.66897,248.5436,71.3091,23.756,18.7804,60.9257,11.7056,1.04226,0.78136,58851.53533,2
PLD,32.68231,110.18756,2.57304,45.8506,31.4367,49.8382,15.1808,8.0073,2.0321,0.75182,1.01667,56730.6112,4
VRTX,27.09034,110.47627,10.93282,12.3691,11.0076,59.2348,14.5205,52.5463,8.2999,1.20689,1.48762,56572.909360000005,4
CCI,68.44888,90.14495,4.97584,208.6181,67.5974,16.1384,10.761,7.0194,2.9547,0.5275,0.25039,55966.593479999996,5
ITW,22.95783,27.93859,18.87584,263.5016,72.4898,17.4894,14.3723,76.429,14.2425,1.08995,1.22061,56847.0962,2
CSX,17.00599,20.78136,4.69969,145.5509,59.2752,27.9048,22.8423,26.5957,8.3321,1.15626,1.21312,55780.41933,4
MMC,36.83753,32.24435,7.17402,190.663,65.5959,9.3416,10.6397,19.9562,7.7092,0.82055,0.73904,54993.6979,5
BIIB,10.73781,13.01848,3.90238,45.9883,31.5013,37.9093,31.2631,38.8696,17.1369,1.36761,1.06111,52730.53001,2
ECL,35.77628,41.84872,6.27142,84.9542,45.9325,10.27,8.7732,18.4808,7.0781,0.80069,0.7979,53356.917,5
GPN,71.19586,73.18802,1.91161,36.2191,26.5888,10.5936,10.3363,2.539,1.9871,1.17557,0.96442,52592.89767,0
MU,8.69449,11.86282,1.4774,15.8701,13.6964,26.9717,19.7305,18.5199,10.0121,1.7182,1.95115,54590.01082,4
GD,15.91025,20.83039,3.92038,113.9791,53.2664,8.6587,6.6101,25.6814,5.9934,1.16132,1.14643,51740.76165,0
SHW,38.93418,47.92517,13.20543,264.1136,72.536,7.8073,6.3394,34.8516,6.5911,1.039,1.25967,52689.1901,0
WBA,13.60325,19.3288,2.23276,74.2309,42.6049,2.9094,2.0467,16.0827,4.4373,1.04429,0.90382,51512.15232,0
AMAT,19.79021,26.47053,6.33942,64.6822,39.277,18.524,13.8323,35.9529,11.38,1.56051,1.65268,54538.42175,4
ICE,25.45745,33.77247,3.04996,47.3083,32.1151,40.2148,30.2547,12.3319,1.8834,0.76271,0.46017,51402.778360000004,4
DE,16.27685,20.65669,4.53231,396.5882,79.8625,8.2862,6.5314,28.6597,3.773,1.32532,1.13984,53133.07,0
APD,29.22292,37.07695,4.62681,29.2212,22.6133,19.7333,15.5488,16.0649,7.3561,0.81692,0.89412,50589.58579,2
SLB,22.610205,38.14667,2.13566,68.537,40.6658,-30.2147,4.075,-32.859,2.7814,1.32238,1.57812,53160.54785,0
GM,5.78757,9.82819,1.11676,217.5329,68.5072,6.1943,3.5884,21.3496,1.9483,1.01812,1.39139,50350.35013,0
PSX,11.35822,13.03859,2.03006,48.7708,32.7825,4.2697,3.7186,18.9845,5.3064,1.01488,1.1132,49861.3636,0
EW,65.61042,67.44305,13.06158,17.5815,14.9526,18.6361,18.1029,21.5632,12.4344,1.09472,0.79757,48037.84562,2
NSC,18.58245,22.50909,3.26712,83.1933,45.4128,23.9784,19.7954,17.9178,7.0558,1.07328,1.37271,49805.2201,4
HCA,14.46203,18.7251,3.26712,91.9962,104.1829,6.9838,5.3926,15.1807,10.8549,1.10787,0.91986,48343.0831,0
AON,34.87733,34.25872,13.80935,238.4161,70.4505,13.7915,13.3877,37.0131,6.3163,0.89365,0.84707,48037.972,2
ILMN,49.95747,80.89164,10.81124,42.1491,29.6513,28.1376,17.4775,24.5026,8.2502,1.46709,1.04055,47123.79,4
EQIX,94.592,106.17168,5.44304,139.9342,58.3219,9.18,8.1876,6.1863,3.0755,0.48424,0.62033,47682.82122,1
WM,27.27781,32.71842,6.97786,203.8603,67.0901,11.352,9.4467,26.9348,7.0045,0.64283,0.60605,47260.46968,5
COF,9.00664,10.88959,0.90084,91.9962,49.5477,25.4531,19.869,10.765,1.5151,1.42255,1.28815,47238.07961,4
DD,16.09999,8.0514,1.14229,43.3861,30.2582,0.943,6.9769,4.2729,5.1134,0.79687,1.03402,47656.096110000006,0
KMB,23.49317,25.73333,3.26712,9317.0454,98.938,10.9622,9.9987,15.1807,13.4766,0.53076,0.52213,46930.0865,6
MAR,36.81661,40.9114,55.50669,1405.4892,93.3576,24.7592,22.2851,82.9222,5.7302,0.85709,1.29187,46670.288010000004,2
HUM,18.53835,22.67059,3.97404,58.4518,36.8893,4.063,3.3221,22.9791,7.4245,0.97346,0.89954,45657.8518,0
BK,12.92381,15.9852,1.21821,91.9962,49.5477,24.7135,19.0006,9.7782,1.0756,1.11668,1.12417,45999.279989999995,4
EMR,20.23989,25.54521,5.57269,69.1526,40.8818,12.5517,9.9295,26.8451,9.3611,1.21921,1.38362,46131.21993,0
AEP,21.43179,32.97833,2.31456,148.2008,59.71,13.5331,8.8057,11.0034,2.6529,0.25824,0.07185,45517.65948,5
MET,6.61423,8.10837,0.66581,144.61,59.1186,10.8246,8.6033,11.9923,0.898,1.31542,1.14052,45144.698410000005,0
SPG,19.893,38.37065,17.2965,821.3538,89.1464,40.6874,21.0497,77.0698,5.4359,0.47802,0.52563,44618.74678,2
AIG,25.72795,29.01622,0.69283,52.2826,34.3326,3.5541,3.1387,2.8859,0.6689,0.84852,1.18697,43854.260460000005,0
KMI,21.75776,22.50953,1.33,105.5563,51.3515,15.2075,14.5365,6.1114,3.2284,0.83708,0.75527,45752.301830000004,5
AMD,207.4413,260.43583,20.28852,51.0569,33.7998,3.47,2.781,12.6628,4.6354,2.07669,3.07798,43954.87853,1
MCO,33.96216,40.16762,92.56623,828.1183,89.2255,28.1962,23.8483,300.8823,13.7767,1.1819,1.22874,44026.132260000006,7
EXC,18.91375,23.15816,1.3618,114.4329,53.3653,6.634,5.3933,7.3473,2.332,0.35633,0.24314,42962.35129,5
EOG,14.36208,18.24732,2.03691,28.6242,22.2541,17.4147,13.7105,15.0829,6.9889,1.11064,1.37905,43440.32497,4
ADI,31.75068,43.53893,3.64522,48.088,32.4725,22.7507,16.5662,11.8358,5.3981,1.20731,1.40806,42667.82945,4
PGR,13.66433,16.87847,3.1303,32.1381,24.3216,8.7187,6.9954,25.1041,5.3388,0.82631,0.62931,41600.136,5
LHX,24.25267,30.23371,1.87282,34.5736,25.6912,12.0227,9.6388,8.9556,4.3154,0.62775,0.87671,43876.91153,5
BAX,27.73256,37.98485,5.43202,73.8386,42.4754,14.2779,10.5031,19.0259,6.7331,0.85573,0.90315,42381.24269,5
ATVI,26.16086,34.78569,3.46614,24.1111,19.427,23.6635,17.7585,14.2308,7.1158,0.77789,0.82315,43391.32875,2
SYY,25.39295,29.65872,17.22549,375.8244,78.9838,2.8188,2.4143,66.6366,8.9174,0.62282,0.45851,42287.599669999996,5
ROST,25.18403,31.28906,12.40611,106.006,51.4577,10.4651,8.4244,50.9437,16.7756,0.98097,0.81981,41217.63698,2
SRE,17.67089,31.18336,2.51356,130.9328,56.6973,21.2653,10.658,15.8984,2.7058,0.31163,0.42259,41937.6584,5
FDX,91.99917,72.01327,2.24932,180.524,64.3524,0.6457,0.8215,2.4049,1.5548,1.4775,1.71219,41505.61196,1
REGN,19.9153,29.24172,3.87162,7.0256,6.5644,28.1328,19.1623,23.3411,11.377,1.10477,1.19486,40835.470239999995,4
ADSK,268.8351,276.12671,3.26712,91.9962,109.1613,4.736,4.6207,15.1807,4.1453,1.54864,1.89,39526.72848,1
DG,24.25311,30.03853,5.92508,171.3593,63.1484,6.0939,4.9132,25.5357,7.883,0.63601,0.51214,39338.26717,5
LRCX,19.86709,28.34963,7.91973,91.9962,47.9156,22.3832,15.6754,41.4039,12.9309,1.63828,1.64107,39954.72576,4
MPC,12.9824,18.02077,1.15982,71.9489,41.8431,2.5086,1.8053,12.8578,5.0497,1.17882,1.68772,37082.7628,0
AFL,13.08725,15.54041,1.32327,28.6092,22.2451,13.9624,11.767,11.5735,1.8569,0.8487,0.71435,38939.65543,5
ETN,16.54884,22.7517,2.42802,53.805,34.9826,11.0591,8.045,14.6616,5.8699,1.09282,1.43091,38607.426,0
VLO,16.88945,22.05852,1.82195,50.3752,33.4996,2.2318,1.7088,10.7306,4.1794,1.12806,1.48135,38145.53228,0
KHC,22.610205,13.17939,0.73464,60.4022,37.6567,-42.693,11.3586,-18.478,2.9414,0.88323,1.01583,38588.67641,0
PSA,25.28198,36.34753,7.44642,20.8499,17.2527,60.3301,35.9957,29.8769,8.3932,0.09805,0.05302,36668.92972,2
PRU,9.89247,12.72781,0.55865,54.9009,35.4426,6.0626,4.6806,6.8537,0.4762,1.38227,1.60125,37152.84,0
DAL,7.94164,10.15438,2.40068,111.7799,52.7811,10.123,7.9181,32.5872,6.7299,1.00113,1.10399,35490.43915,0
VFC,23.73065,30.17764,7.75998,83.999,45.6518,9.1159,8.4905,34.615,11.108,0.80906,1.23772,36606.58702,0
ROP,31.44134,45.45103,4.20321,75.6489,43.0682,21.575,14.9334,14.3108,5.5361,0.95164,1.1287,36078.96826,4
ALL,15.17287,17.85647,1.56391,27.4368,21.5297,6.1475,4.933,11.1576,1.9607,0.71632,0.81866,35502.35075,5
F,22.54453,18.09766,1.01172,435.5017,81.3259,1.0146,1.2629,4.4565,0.7764,0.73157,1.06186,36120.21162,0
STZ,45.99042,61.18002,3.07643,115.783,53.6571,9.402,7.058,6.818,6.4118,0.7819,0.65049,34617.63015,5
TRV,15.2484,20.4034,1.36796,27.1371,21.3447,7.5684,5.6085,9.7905,1.8392,0.76654,0.90776,34749.72236,5
OXY,28.16159,16.27879,1.32412,123.6068,55.2786,6.2417,9.848,4.4888,2.3606,0.87054,0.87756,33535.137819999996,5
CTSH,16.94515,19.81724,3.22024,15.8848,13.7074,12.5992,10.7912,19.3265,10.6811,0.90525,1.03584,33226.29408,0
WELL,29.93589,110.22296,2.22653,84.7036,45.8592,21.9922,5.9139,7.6926,2.5446,0.26934,0.15137,32938.75329,5
ORLY,25.69058,31.47814,202.99742,3401.8565,97.1443,13.6895,11.1762,411.2209,13.1289,0.72233,0.69561,33641.72855,7
TSN,16.20471,21.42235,2.32486,83.8745,45.6151,4.7683,3.6039,15.0418,5.8113,0.66894,0.43012,32316.069089999997,5
NEM,11.32064,33.22806,1.52291,33.6461,25.1755,25.4166,9.0366,14.5939,3.1391,0.22121,-0.05183,33531.05829,5
XEL,24.76915,36.39916,2.47407,156.1296,60.9572,11.1446,7.5844,10.2268,2.4809,0.24541,0.09129,32595.96405,5
JCI,33.40476,56.15002,1.6559,34.6584,25.738,23.6732,2.7343,5.375,2.5127,1.02148,1.17182,32939.6238,0
MNST,30.18901,37.32714,7.90099,0.5729,0.5696,26.583,21.5536,27.2954,17.5272,1.12599,1.14866,33567.46753,2
GIS,17.19499,20.40833,4.36211,178.6774,64.1162,11.2139,9.4598,27.6457,6.2228,0.62148,0.70265,31174.630610000004,5
IR,24.07069,27.89448,4.35958,84.2975,45.7399,8.3754,7.0924,18.5154,6.8208,0.90537,1.23184,31765.759980000003,0
EQR,39.50775,102.70919,3.09056,85.537,46.1024,29.8812,11.8782,7.8129,2.697,0.46146,0.35326,30703.5827,5
PPG,26.24432,27.91502,5.9731,117.1615,53.9513,7.9965,7.4922,23.5455,6.5227,0.95234,1.23692,31286.44745,0
HSY,24.62867,30.94751,17.81131,268.9959,72.8994,16.1812,12.8633,85.627,13.5322,0.37147,0.05198,31290.15493,2
LYB,9.78352,12.94099,3.92667,173.8967,63.4898,9.7956,7.4119,36.6892,9.1077,1.22019,1.40285,30400.39893,0
APH,27.28687,32.94651,7.41301,98.2071,49.5477,14.1509,11.7279,28.7695,10.2411,1.08151,1.03286,31407.36652,2
TEL,16.11014,22.65233,2.92133,37.5118,27.2789,13.712,10.2849,18.186,7.0515,1.13572,1.13861,31156.31197,0
ZBH,22.610205,42.75354,2.52765,71.2986,41.6224,-1.1378,8.9673,-0.7424,3.5064,1.05121,1.1549,30237.65806,0
TDG,44.04297,41.5697,3.26712,91.9962,120.2754,17.0349,14.7734,15.1807,9.2207,1.10687,1.01802,30525.23635,2
PAYX,29.15461,35.32622,12.09385,39.0505,28.0836,27.0394,22.346,43.0059,11.1979,0.86164,0.86646,30163.956810000003,2
HPQ,9.90338,17.64462,3.26712,91.9962,130.2484,5.3645,3.0135,15.1807,7.8114,1.34941,1.50325,29742.006739999997,0
CCL,10.14275,15.88835,1.21593,42.5261,29.8374,14.9275,9.5431,12.2524,4.87,1.00804,1.10435,30831.63563,0
EA,11.27347,40.64841,4.22554,17.4769,14.8769,54.0125,14.9857,44.024,7.4568,0.61315,0.91991,30132.22382,4
AVB,29.93489,76.92971,2.78247,69.3075,40.9358,43.4459,16.9064,9.4408,2.7494,0.50317,0.47004,29551.82238,5
YUM,27.29887,40.83465,3.26712,91.9962,346.409,20.8752,13.974,15.1807,25.606,0.54793,0.33925,30076.83838,2
HLT,33.3561,41.86733,3.26712,91.9962,102.2774,24.7143,19.6651,508.1967,6.8084,0.97046,1.05908,29824.62604,2
PEG,20.49301,23.42091,1.97919,108.3082,51.9942,14.4545,12.6043,9.9371,3.3763,0.40667,0.26306,29468.681119999997,5
OKE,23.70497,29.21863,4.7552,205.9378,67.3136,11.7623,9.5616,19.4242,6.0343,0.9212,1.11852,29985.814739999998,0
INFO,79.24291,72.31173,3.58966,61.2345,37.9785,8.7436,9.5555,4.73,3.5939,0.92831,0.88459,29532.769589999996,5
LUV,12.55784,15.75247,2.96444,44.356,30.7268,10.8963,8.6711,24.3079,7.2916,1.07512,1.43454,28418.9108,0
TROW,15.73897,17.86926,4.25152,1.8432,1.8098,35.5304,30.5102,28.3963,16.2716,1.38587,1.07013,28884.855260000004,4
ED,20.46424,29.81552,1.60445,119.2842,54.397,10.9688,7.5296,8.1486,2.9992,0.22058,0.03134,29117.579439999998,5
IQV,123.63071,134.543,4.69859,189.6152,65.4714,2.2424,2.0425,3.6565,2.4482,1.13784,0.87622,27910.364210000003,1
EBAY,15.55774,25.98256,8.73099,257.2477,72.0082,18.3308,10.9962,39.1607,7.1578,0.92179,1.26202,28408.294889999997,0
RSG,26.40046,35.82614,3.55458,112.0022,52.8306,10.5816,7.815,13.6481,4.9306,0.58767,0.4983,28349.62566,5
WEC,25.81845,37.60784,2.79533,121.0084,54.7528,14.3105,9.8032,11.0469,2.7857,0.18279,-0.01194,28240.948819999998,5
PCAR,11.60493,14.28151,2.81482,109.661,52.3039,9.4506,7.6754,25.4493,7.3036,1.20695,1.32391,28154.112510000003,0
STT,15.1914,16.30157,1.30147,91.9962,49.5477,18.3366,15.448,9.0557,0.8863,1.30376,1.5752,28431.70465,4
AZO,18.48747,23.55142,3.26712,91.9962,146.6684,13.6316,10.7013,15.1807,14.3958,0.49891,0.62439,29446.45365,2
MSI,26.84352,31.46798,3.26712,91.9962,120.6005,13.4835,11.5148,15.1807,11.2031,0.80776,0.57453,27718.74229,2
CMI,11.22339,14.52278,3.53205,35.622,26.2656,10.5269,8.1325,33.851,9.0307,1.24815,1.1563,27553.89878,0
WMB,178.5757,27.49395,1.9974,133.2819,57.1334,1.8679,11.8974,1.0424,3.0944,0.94727,1.54066,28107.412510000002,1
FLT,28.84538,42.13013,6.84724,117.111,53.9406,37.0774,25.3891,25.7703,6.4602,0.92379,1.11404,26299.90593,4
SBAC,201.54442,216.89465,3.26712,91.9962,140.4536,6.8919,6.3777,15.1807,4.6188,0.61033,0.60721,26547.93966,1
CTAS,30.51203,41.21854,8.68129,99.8302,49.9575,13.1793,9.6366,28.5229,9.9003,0.9405,0.96087,26708.08494,0
DFS,9.54263,11.31067,2.38086,208.7394,67.6102,36.1264,29.9234,26.695,2.7106,1.43144,1.61837,26403.43095,4
ES,29.21209,31.58808,2.16862,127.4914,56.0423,10.4607,9.6864,7.5674,2.9555,0.347,0.18654,26337.98932,5
FE,21.35017,26.69328,3.59465,289.4526,74.3229,10.6768,8.9088,17.0799,3.4466,0.38061,0.19297,25945.76817,5
PH,17.92,21.54429,4.26445,151.4009,60.2229,10.4091,8.6576,24.1933,7.3276,1.42508,1.5696,26507.40826,0
KLAC,22.87175,33.14255,9.67713,131.6805,56.8371,23.035,15.8793,53.2666,11.3784,1.27302,1.67826,26370.616,4
MCK,22.610205,39.97451,3.95485,127.9717,56.1349,-0.2856,0.3022,-7.92,3.0716,1.09017,1.13598,25831.73734,0
EIX,22.610205,24.62637,1.94436,125.3891,55.6322,-2.3332,7.7506,-2.5578,2.4135,0.34476,0.11336,25650.73919,5
RCL,13.33517,21.07659,2.13634,91.5696,47.7996,17.8481,11.303,16.4825,4.7227,1.09435,1.43116,25851.715640000002,0
A,24.39466,45.51519,5.35023,50.695,33.6408,20.7437,11.1248,22.9951,6.5372,1.17514,1.42486,25815.7937,0
CNC,18.88698,18.59379,2.04964,62.9543,38.6331,1.9789,2.0138,11.7836,4.9534,0.98583,0.90586,24265.001659999998,0
ALXN,17.46369,21.11955,2.43112,27.6728,21.6748,31.0478,25.6672,15.0515,8.8258,1.53959,1.67119,24231.33067,4
WLTW,28.99654,35.57502,2.54039,69.7737,41.098,10.0676,8.2186,8.8081,2.5802,0.90071,0.82406,24995.81977,5
PPL,13.95573,18.61714,2.08584,194.3622,66.0282,23.1751,17.3781,15.1572,4.4434,0.49432,0.55379,24409.595530000002,5
O,59.69586,87.74748,2.66313,77.111,43.5382,27.3038,18.5838,4.623,2.7684,0.35063,0.01933,24307.0479,5
DLR,118.20628,136.54243,2.96123,115.27,53.5467,9.202,5.6417,2.4384,1.7782,0.54861,0.36176,24424.46214,1
FTV,34.35723,41.17421,3.42051,87.0107,46.5271,37.574,8.4892,11.0553,4.5174,1.08039,1.24163,25175.2396,4
ADM,20.90865,23.55334,1.29592,51.5199,34.002,1.8514,1.6402,6.2863,2.3659,0.82935,1.07761,24622.23571,0
SYF,6.89961,8.0407,1.63241,91.9962,49.5477,41.1949,35.357,26.0956,3.6097,1.12438,1.16372,23999.59877,4
HRL,25.18889,33.16374,4.09253,4.219,4.0482,10.3061,7.8487,16.9898,8.7728,0.37149,0.05838,24362.60601,5
SWK,36.78743,26.16631,3.21474,71.4968,41.6898,4.5249,6.3493,8.7561,5.0056,1.3128,1.40943,24259.5638,0
VRSK,52.61121,55.34204,11.64283,142.7048,58.7976,18.2336,17.3974,22.0647,8.6448,0.75838,0.68679,24057.729890000002,2
DTE,21.05802,30.75678,2.13843,146.0656,59.3604,8.236,5.6222,10.4167,2.7482,0.25033,0.20459,24078.44935,5
APTV,24.17697,29.08413,6.72448,127.0563,55.958,6.9945,5.805,28.0775,7.2181,1.32105,2.01892,23739.23893,0
MCHP,64.56919,95.80889,4.39824,185.6807,64.9958,7.1481,4.8264,7.2829,3.2104,1.27084,1.40722,23742.42814,0
ETR,28.837,36.14384,2.34281,191.2372,65.6637,7.2313,5.7735,8.5679,1.99,0.21937,0.26747,23529.884169999998,5
TWTR,14.71047,87.03273,2.7774,30.2426,23.2202,47.6725,8.0752,21.5518,2.4868,0.71716,0.56053,23671.8717,5
XLNX,24.76964,38.39747,8.56843,48.3933,32.6115,28.7626,18.5786,37.0546,11.878,0.98466,1.2157,23605.24409,2
NTRS,16.20346,19.45173,2.32467,91.9962,49.5477,25.4027,20.2591,15.1052,1.1926,1.35238,1.23609,22946.77901,4
ROK,33.99314,29.79803,56.72793,558.3621,84.8107,10.3931,11.8515,68.7639,13.8515,1.22014,1.442,23486.07143,2
MKC,32.81916,42.64334,6.59023,133.8677,57.2407,12.9363,9.9372,21.4081,5.9714,0.52003,0.13006,22680.10321,5
CMG,74.85299,81.12521,14.09338,173.1667,63.3923,5.767,5.3205,20.2571,7.7052,1.10411,0.70778,22868.22614,5
K,31.29262,31.1157,8.28282,254.5924,71.7986,5.3466,5.343,25.316,5.486,0.46685,0.53061,22563.37988,5
MSCI,38.17468,60.08045,3.26712,91.9962,105.6548,39.1966,24.8957,514.3413,12.5922,1.10102,1.14867,22090.80894,2
AME,26.63183,34.15565,4.62967,53.6214,34.9049,16.6249,12.9332,18.1712,8.3697,1.09749,1.22954,22555.258680000003,0
UAL,8.26584,9.56538,1.98797,178.2143,64.0564,6.6165,5.7189,27.3086,5.9127,0.92641,1.14518,22019.85842,0
CERN,45.7161,54.34551,5.0732,26.5648,20.9891,9.0178,7.5965,10.6878,5.966,1.10241,0.93704,22457.964819999997,0
PXD,30.91057,16.53086,1.87075,22.0141,18.0423,7.9554,14.7946,6.1557,7.8942,1.19742,1.23082,22559.40051,0
AWK,35.0795,42.30804,3.58239,149.4991,59.9197,17.8471,14.7906,10.5394,3.4411,0.34013,0.05807,21855.83883,5
VRSN,34.88301,47.97511,3.26712,91.9962,520.439,52.5952,38.2996,15.1807,26.5662,1.00318,1.01333,22298.319180000002,2
KR,14.11577,19.52272,2.52601,237.9239,70.4075,1.3149,0.9371,19.0109,3.2666,0.61396,0.59821,22461.431569999997,5
WY,22.610205,102.17613,2.55693,78.5207,43.9841,-2.3336,3.2463,-1.7557,2.5358,1.07334,1.62277,21855.02665,0
ANSS,49.99283,66.65288,7.38849,3.6886,3.5574,30.3513,22.7923,16.0313,9.7158,1.26766,1.41123,21534.82,4
MTB,11.93572,13.30388,1.51333,91.9962,49.5477,33.0735,28.4621,13.2347,1.636,0.96761,1.10898,21966.25188,4
HIG,12.96734,16.11432,1.39496,31.8696,24.1675,8.6628,6.8857,12.0184,2.3359,0.70824,0.63943,21956.86145,5
DLTR,22.610205,24.43451,3.56676,165.1413,62.2842,-6.821,3.8166,-22.7951,5.5143,0.39621,0.4514,21654.601000000002,5
ALGN,52.92801,74.07384,16.64374,4.3714,4.1883,18.2846,13.079,33.5321,14.1338,1.81612,2.06667,21691.690430000002,4
RMD,51.91933,57.90792,10.22562,61.6642,38.1434,15.5223,13.945,20.8588,11.4744,0.89937,0.41362,21636.93579,2
BBY,14.49526,17.06483,6.82656,131.104,56.7294,3.5404,3.0062,49.894,8.2103,1.14668,1.1382,21693.31338,0
IDXX,52.16703,67.72991,106.65887,496.876,83.2461,17.9876,13.8422,421.1479,20.9557,1.0884,0.71529,21484.24516,7
BXP,41.5772,76.36731,3.93439,153.3251,60.525,18.1183,9.6676,9.307,3.1747,0.79473,0.8774,21228.0099,5
FITB,10.00547,11.04187,1.10712,91.9962,49.5477,30.4982,26.3481,12.4805,1.4285,1.15825,1.41055,21531.30883,4
GLW,20.74033,28.29151,1.99548,53.5937,34.8931,10.4086,7.6305,10.0519,3.3948,1.25608,1.15471,21550.45595,0
VTR,43.41808,70.58176,2.00834,111.1058,52.6304,12.8011,7.8789,4.5821,2.454,0.19261,0.27129,21003.67512,5
AMP,11.63943,15.47234,3.50327,95.6478,48.8877,15.1531,11.3946,33.9044,1.4523,1.58863,1.85161,20842.69052,0
BLL,39.17384,43.83929,6.21707,208.5425,67.5895,4.8191,4.3054,15.9029,4.3224,0.698,0.68236,20893.76283,5
ESS,48.05849,120.08499,3.31125,94.911,48.6945,28.9813,11.5849,6.8296,2.5158,0.3668,0.29441,20139.04426,5
FAST,26.35935,31.83421,7.97174,26.5073,20.9531,14.7681,12.2473,31.869,18.7443,1.18305,1.22862,20781.7573,2
CPRT,30.51032,44.84814,10.68669,28.0747,21.9205,32.5894,22.1018,38.6726,18.3864,0.94692,0.79434,20523.38185,2
HPE,20.66234,12.61717,1.20409,80.5877,44.6252,3.6004,5.9121,5.4725,3.3936,1.31509,1.52646,20535.78,0
INCY,50.50978,71.48007,8.3997,3.0659,2.9747,19.2128,13.6105,19.1679,8.99,1.18944,0.98363,20447.66474,0
SNPS,38.90145,55.86401,4.94143,3.3678,3.2581,15.8409,11.0225,14.0797,5.651,1.13158,1.18819,19855.71848,0
DHI,12.63403,15.39974,1.99273,33.0195,24.8231,9.1997,7.55,17.032,8.8787,0.53201,0.99081,20602.45504,5
HAL,16.44625,22.48436,2.00729,117.2198,53.9636,5.1224,3.7489,12.6553,4.851,1.44574,1.5055,20523.0668,0
KEY,12.27703,15.17397,1.27725,91.9962,49.5477,28.9245,21.9292,11.2583,1.2077,1.25222,1.31673,19354.424880000002,4
CBRE,19.22423,22.33123,3.48732,79.8406,44.3952,4.5019,3.8736,20.314,6.0739,1.15345,1.68016,19133.32503,0
CLX,24.14451,30.95231,34.65045,563.2727,84.9232,13.2044,10.2931,132.5183,13.1635,0.52233,0.36362,19092.84259,2
VMC,31.68097,41.55917,3.42681,57.8187,36.6361,12.432,9.529,11.3058,5.4403,0.88893,0.87388,18847.29575,5
HES,22.610205,27.677715,2.12964,72.8505,42.1465,-3.0221,-0.5288,-2.2201,1.7257,1.50684,2.02147,18769.726609999998,0
CDNS,44.19176,61.33519,12.73439,31.3495,23.8672,18.5435,13.3296,31.2475,12.894,1.04928,1.15872,18488.27277,2
ARE,148.36083,184.55269,2.37007,78.186,43.8788,9.2542,6.5862,1.6558,1.6774,0.56204,0.71954,18318.17717,1
MTD,34.91242,45.08072,42.28498,288.4328,74.2555,18.425,14.2627,113.3182,17.2742,1.34995,1.33789,18566.42513,2
IP,13.84572,14.59963,2.49034,144.6754,59.1295,6.0274,5.6956,19.0042,4.2238,1.17018,1.53778,18107.93872,0
AEE,23.11178,30.54923,2.29431,116.6382,53.84,13.9623,10.5806,10.2048,3.0154,0.21261,0.19856,18439.93291,5
GRMN,23.54252,31.61099,4.18836,1.2849,1.2686,21.7943,16.2259,18.7636,10.2724,0.7743,0.9157,18552.15177,2
LEN,9.69635,12.52951,1.21391,66.4839,39.9341,9.0627,6.9293,13.2937,5.208,0.53484,1.05144,18508.18256,5
ABC,21.84158,17.49047,6.3373,150.1203,60.0192,0.4762,0.5951,29.4357,3.0363,1.307,0.97196,17845.216640000002,0
AJG,25.78865,50.58984,3.61046,101.1929,50.2964,10.036,5.1154,14.6487,2.5674,0.74627,0.8049,17615.23212,5
NUE,9.82358,12.25582,1.67175,41.0404,29.0983,7.6205,6.0772,17.797,8.9042,1.26038,1.65692,17622.87132,0
CMS,28.05277,36.99325,3.51873,265.1782,72.6161,9.0274,6.8578,12.7962,3.1549,0.20112,0.05205,17440.87186,5
OMC,13.43829,16.1132,7.06452,211.9334,67.9418,8.8816,7.4047,54.6122,5.637,0.70172,0.70262,17601.45771,5
GWW,18.82378,22.46807,9.25573,115.8783,53.6776,8.3757,6.9658,49.8332,14.8681,1.10058,0.97003,17750.008019999997,0
SWKS,20.72802,29.33525,4.18246,91.9962,49.5477,25.2783,17.8552,20.7706,12.3558,0.95797,1.06424,18620.31916,2
NDAQ,33.35215,27.07008,3.23758,72.5549,42.0474,12.1624,14.9867,9.644,5.0206,0.86052,0.6582,17029.1361,5
CHD,28.79127,36.30213,6.73311,91.6344,47.8173,14.3263,11.3954,25.0086,8.4288,0.43004,0.0982,17030.89707,5
CINF,18.90164,25.0306,1.83731,9.444,8.629,14.1777,10.7027,10.3812,3.0785,0.77355,0.59769,17206.553369999998,5
MLM,29.8846,38.5452,3.22191,64.4901,39.206,13.2136,10.2239,11.2144,5.34,0.71193,1.09949,17014.5201,5
PEAK,19.98941,165.67362,2.8641,103.5901,50.8817,43.6964,5.2869,15.1021,1.8428,0.23844,0.15576,16427.50703,5
CFG,10.31866,12.65506,0.83627,91.9962,49.5477,29.7088,23.3076,8.6079,1.1184,1.33203,1.47041,17014.89935,4
FCX,73.72875,109.2732,1.7884,58.0036,36.7103,1.6719,1.0917,2.3582,0.8418,1.45739,2.47605,18629.731780000002,1
EFX,22.610205,90.08329,6.66681,129.3189,56.3926,-11.1256,5.4024,-13.4168,3.3514,1.13263,1.1998,16461.28606,0
LH,22.6175,23.04566,2.31246,102.579,50.6365,6.6257,6.5001,10.4232,5.1696,0.80413,1.04093,16256.482,0
MGM,22.610205,73.58037,2.7279,146.1609,59.3761,0.1155,1.8863,0.0272,3.0145,1.25168,1.51643,16536.14777,0
DISH,13.12117,16.14355,1.62854,133.5367,57.1801,10.4646,8.5507,14.6317,3.7124,1.50974,1.32336,16709.90876,0
RF,11.34438,13.82539,1.0762,91.9962,49.5477,29.2268,22.9505,10.4513,1.2654,1.25126,1.57232,16244.52229,4
DOV,24.78371,29.05162,5.41997,108.0407,51.9324,9.0848,7.9648,23.164,7.5615,1.00223,1.46173,16439.7969,0
CAH,22.610205,16.76935,17.86324,930.897,90.2997,-2.8118,0.6597,-121.8846,2.9533,1.34984,1.3515,15876.26786,0
TIF,29.80277,37.5804,5.11786,68.4677,40.6414,12.4102,9.8408,17.7389,7.9326,0.92974,1.65695,16004.00116,0
KMX,18.75551,22.85097,4.44543,425.6819,80.977,4.3675,3.5864,24.9013,4.0419,0.90451,1.16865,16283.50785,0
NLOK,78.99448,53.43609,2.59515,75.8671,43.1388,19.0975,6.6894,3.6478,2.8378,1.12428,1.11872,16441.25269,0
HBAN,11.88525,14.75925,1.46723,91.9962,49.5477,32.0971,24.6122,13.2504,1.3321,1.14406,1.46806,15708.2067,4
EXPE,32.2059,31.04966,3.74088,94.6465,48.6248,4.2596,4.4048,11.8086,2.9675,1.10075,0.98707,16221.46701,0
STX,9.35621,23.9169,8.75267,237.9096,70.4062,17.6606,6.9096,97.4557,8.3874,1.36965,1.62873,15221.48206,0
CTL,22.610205,10.66986,1.12908,269.8186,72.9597,-34.9595,6.2806,-43.3368,3.8939,1.34757,0.93222,15274.109690000001,0
MAA,58.69507,97.15449,2.55549,72.469,42.0185,16.3654,9.7496,4.2774,2.3275,0.44081,0.28814,15015.629680000002,5
CXO,12.03689,22.87741,0.82437,23.9857,19.3455,30.8862,16.0891,7.0895,2.9848,1.39603,1.30997,15515.955130000002,4
COO,32.92497,50.5039,4.23302,50.332,33.4806,17.5887,11.4617,13.4571,5.6095,0.94544,0.90719,15203.235330000001,5
IFF,41.79329,40.2065,2.50444,75.9955,43.1803,7.5925,7.8574,7.5973,4.3827,0.79568,0.89841,14365.67291,5
KSU,26.86222,26.7857,3.10714,54.2888,35.1865,20.2367,20.2605,11.886,6.6969,0.93465,0.99635,15206.93026,4
GPC,19.02936,22.53384,4.13677,123.3293,55.223,4.1413,3.4985,22.0278,5.2179,0.91406,0.93437,15146.80724,0
ULTA,22.06025,27.32723,8.1312,104.4542,51.0893,9.6704,7.798,37.8995,13.5348,0.6481,1.1173,14384.0801,0
VIAC,5.15196,10.50366,2.94834,207.8186,67.5133,18.98,9.3085,76.738,7.5311,0.91744,1.22058,23065.43,0
L,28.03423,32.44911,0.77287,54.7623,35.3847,3.8348,3.3189,2.8666,0.9249,0.94552,0.67414,14868.97541,0
PFG,11.37644,15.98847,1.00765,27.1393,21.3461,8.3396,5.9412,10.0343,0.3697,1.41735,1.52913,14861.001909999999,0
DRI,20.76515,29.40801,6.16946,235.615,70.2039,8.3631,5.9391,30.9889,7.0959,0.65918,0.3353,14398.32439,5
WDC,22.610205,27.677715,1.52894,109.4396,52.2535,-9.8902,-3.6542,-14.7175,-1.2094,1.40031,1.81127,15188.4496,0
WAT,27.84424,36.34813,127.58424,1247.5904,92.5793,23.9752,18.3701,57.9016,13.7806,1.05058,1.03578,14753.5393,7
BKR,54.13192,20.63695,0.65909,22.7146,18.5101,0.8882,2.3105,1.1848,2.0113,1.24507,0.93972,14739.024790000001,0
CTXS,23.93369,44.74903,20.15429,141.822,58.6472,21.3287,11.3812,87.3616,7.5631,0.80137,0.97397,14252.56171,5
CPB,31.19718,29.26731,11.63882,688.5508,87.3185,2.2626,6.0969,35.0094,5.1223,0.45462,0.40268,14473.42355,5
DGX,20.63408,23.18083,2.57524,79.616,44.3256,9.5824,8.2569,12.9829,6.504,0.7449,0.84301,14106.825819999998,5
EVRG,25.05631,33.48237,1.66762,115.8337,53.668,11.9727,8.9723,6.4687,2.6169,0.14194,0.13853,14332.83175,5
IT,58.38923,84.12566,15.53606,339.1378,77.2281,6.0427,4.1933,26.8223,3.7312,1.27731,1.22295,14042.3266,0
BR,31.46298,39.96874,12.32897,176.0538,63.7751,10.6339,8.3823,38.8071,10.2903,0.86468,0.67434,13691.04073,5
CAG,20.004,16.20702,1.89034,143.6116,58.951,6.6757,8.2855,12.0931,6.5702,0.96871,0.74925,13932.9084,0
UDR,80.91085,286.20947,4.38366,93.6128,48.3505,15.142,4.189,5.7563,1.7887,0.4725,0.36521,13717.830730000001,1
HOLX,22.610205,50.80259,6.67283,146.982,59.5112,-6.0463,8.3059,-8.9602,5.3161,0.98397,0.76831,13930.86862,0
NTAP,15.12856,23.20676,26.07439,334.7014,76.9957,17.1988,11.2048,95.9341,7.8558,1.50948,1.56564,13844.201659999999,0
EXR,33.9172,58.09131,5.51453,176.58,63.8441,31.6612,19.4066,16.6095,4.9484,0.27271,0.12619,13593.42355,5
HAS,49.02092,37.00027,6.92676,100.4158,50.1037,5.5939,7.4069,14.0483,6.837,0.77884,1.02708,13735.15754,0
AKAM,31.06014,43.69632,3.93576,63.0328,38.6626,15.9778,11.3368,13.6079,5.6927,0.96984,0.5839,13550.26146,5
XYL,26.90022,34.64754,4.70032,89.1191,47.1232,9.6504,7.48,18.4626,5.8705,1.1387,1.16363,13835.459659999999,0
BEN,11.48936,12.78418,1.36084,6.1288,5.7748,20.7065,18.4444,11.9642,6.8881,1.17233,1.25558,12914.96337,4
ARNC,38.12197,19.82733,2.90081,140.276,58.3811,2.6572,5.1225,7.5801,5.1939,1.54109,2.06126,13520.7494,0
CBOE,31.80902,34.72806,4.03048,27.7375,21.7144,16.1575,14.6893,13.0852,8.0914,0.60226,0.02636,12826.648940000001,5
TTWO,39.79187,82.90845,6.08384,6.4655,6.0728,11.1383,5.352,17.2009,3.539,0.72812,0.69287,13130.8201,5
WYNN,19.75415,76.81731,6.77515,583.5769,85.371,9.9438,2.5567,35.4907,4.669,1.39571,2.0542,12908.0537,0
DRE,31.44123,119.35709,2.59838,56.8521,36.2457,39.7252,10.5288,8.38,2.0014,0.5088,0.67376,12798.8108,5
XRAY,81.28328,53.98644,2.55166,31.1458,23.749,4.083,6.0699,3.1845,2.7945,0.74584,0.94614,12628.64886,5
MAS,17.92971,20.59077,3.26712,13847.826,99.283,8.0447,7.8439,15.1807,14.4654,1.07243,1.40282,12849.056,6
HST,11.54117,31.88619,1.71409,65.4621,39.5632,20.729,7.499,15.424,4.093,0.84911,1.15431,12844.65977,0
LNT,23.74735,34.45082,2.56875,126.8764,55.9231,14.5835,10.0587,11.1325,2.8365,0.27557,0.20261,12747.79002,5
FMC,16.74129,19.9947,4.81532,141.2309,58.5459,10.3544,13.2109,27.372,7.8185,1.20844,1.49297,12734.70499,0
UHS,17.99076,19.00241,2.35174,78.2314,43.8931,6.4766,6.1209,13.5043,7.0277,0.90872,1.05968,12672.640640000001,0
VAR,43.5566,39.94061,7.11232,23.0648,18.742,9.0508,9.8818,17.4128,8.466,1.07261,0.86594,12654.75775,0
CNP,19.84906,19.7815,1.9022,179.1157,64.1725,6.2278,5.2758,11.2327,2.7562,0.38893,0.41762,12611.28967,5
RJF,12.62901,15.00915,1.89661,48.6226,32.7154,13.4407,11.2927,15.9394,2.7123,1.38385,1.52644,12392.14614,0
EXPD,20.30023,24.78899,5.67249,16.9929,14.5247,7.5576,6.2009,30.3744,14.2616,1.09895,0.91043,12675.52167,0
VNO,4.16942,27.677715,2.02337,94.3212,48.5388,147.7293,-2.8609,62.14,1.8456,0.68306,0.98812,12521.689559999999,4
AES,25.95411,20.16698,3.95798,368.8946,78.6732,4.9036,5.967,14.9573,4.2158,0.68214,1.07532,12554.21013,0
QRVO,51.66852,51.70618,2.90688,25.5582,20.3556,8.1929,8.1912,5.7006,4.6891,0.81237,1.10588,13225.26307,0
SIVB,10.98091,12.84148,2.07784,91.9962,49.5477,37.1474,31.7681,21.0866,1.8751,1.82287,2.20804,12346.41295,4
SJM,21.89047,19.83611,1.51182,74.4234,42.6682,7.3025,8.0589,6.9294,4.3467,0.43617,0.40793,11910.9087,5
JBHT,27.15334,32.16226,5.56083,64.5175,39.2162,5.0961,4.2906,21.5401,8.3039,0.85869,1.11654,11871.7125,0
AAL,7.84677,7.11707,75.90338,21525.0,99.5375,3.5159,3.8689,15.1807,4.1637,1.38983,1.64282,11766.2371,6
URI,10.87271,11.97633,3.26371,338.6301,77.2017,12.4551,11.3031,32.8178,7.8371,1.82678,2.69124,11797.22775,0
NCLH,12.39132,20.25159,1.85544,103.8458,50.9433,15.1433,9.2615,15.4522,4.7568,1.08628,1.67668,11788.89474,0
TSCO,21.38332,26.71417,7.74342,195.3304,66.1396,6.6923,5.3567,37.1612,10.5526,1.03707,1.01031,11487.01551,0
LNC,14.139,17.9028,0.5729,37.7318,27.3951,4.8899,3.8121,4.8646,0.2755,1.5468,1.96366,11445.6591,0
ALLE,25.66085,36.73992,16.70116,219.3684,68.6882,15.9998,11.1776,70.8167,12.5949,0.98806,1.18229,11678.6818,2
WU,10.35087,20.08341,3.26712,91.9962,100.5664,21.0731,10.829,15.1807,7.4915,0.79497,0.81392,11148.0159,5
GL,15.68716,20.28697,1.53193,21.6683,17.8093,16.573,12.8112,11.4932,2.5393,0.95134,0.96339,11358.36482,0
TAP,71.93971,16.76993,0.83908,71.5048,41.6926,1.465,6.2802,1.1396,2.861,1.20696,0.73719,11094.77828,0
RE,26.09394,91.44196,1.22093,7.7801,7.2185,5.3561,1.5123,4.8095,0.6273,0.52932,0.25085,11052.36451,5
LKQ,25.52758,23.7916,2.27364,107.4321,51.7914,3.4956,3.7723,9.126,5.0804,1.15122,1.32136,10962.13104,0
AVY,46.72459,24.49358,10.28724,202.7047,66.9645,3.3711,6.4367,22.6372,9.6952,1.12157,1.32104,10839.51067,0
PHM,12.22857,13.26171,2.09494,59.6201,37.3512,9.0096,8.2216,18.3441,8.1462,0.48678,0.61154,11032.40597,5
REG,38.98876,66.06731,1.71751,64.8807,39.3501,23.5959,13.9177,4.3529,2.342,0.5526,0.44721,10497.87852,5
AAP,25.04955,26.13032,3.08193,92.2839,47.9935,4.581,4.3954,12.4935,4.5401,0.86216,0.8325,10733.620840000001,0
PKG,14.03894,16.46979,3.50677,90.3515,47.4656,10.94,9.2541,27.2781,10.2703,1.18479,1.69672,10479.23978,0
WRK,12.38138,15.70984,0.91081,86.1142,46.2695,4.7181,3.718,7.4574,3.4106,1.50629,1.66732,10417.698,0
EMN,14.09016,16.2924,1.75056,105.068,51.2357,8.1215,7.0163,12.8475,4.9386,1.34128,1.38983,10474.47893,0
PKI,44.81781,52.3179,3.8629,90.448,47.4922,8.2676,7.0764,8.8847,3.93,1.33453,1.29642,10477.91749,0
NBL,22.610205,90.36755,1.16122,76.5756,43.367,-24.7915,2.5394,-11.6795,1.8431,1.29251,1.43082,10536.90507,0
HII,17.29772,23.20264,6.09373,103.0498,50.751,7.0458,5.2527,34.6742,7.1826,1.26875,1.22184,10378.05659,0
TXT,12.32944,15.7436,1.89093,81.7498,44.9793,6.4593,5.0721,15.6798,5.1587,1.28291,1.70501,10032.14791,0
CMA,9.03713,11.11086,1.42875,91.9962,49.5477,37.308,30.3184,16.442,1.7173,1.16355,1.56867,10061.97251,4
CHRW,15.86213,19.55667,6.14086,91.1811,47.6935,4.2481,3.4427,41.0539,12.4419,0.78132,0.60663,10264.15453,0
ETFC,11.07775,12.45287,1.75144,40.8129,28.9837,35.2645,30.1825,16.944,1.6659,1.37476,1.22388,10061.12413,4
HSIC,17.60286,19.5081,3.58824,35.7805,26.3517,3.6676,3.9497,20.4396,7.5066,0.91373,0.78024,10139.7443,0
NI,21.69171,27.677715,2.01437,165.2611,62.3013,9.6844,-0.6672,9.5602,0.9064,0.18751,0.07588,10044.59095,5
MRO,11.44554,21.72851,0.81268,46.7362,31.8504,17.5507,9.2314,7.3205,2.5414,1.39992,2.31408,10087.0989,0
MYL,213.97671,15.66744,0.86854,115.7832,53.6572,0.4171,5.5763,0.4037,3.0923,1.61153,1.71865,9708.4527,1
FRT,38.88223,69.74666,4.30661,126.9942,55.946,28.0662,15.1115,11.3003,3.3499,0.52254,0.42722,9802.09863,5
MHK,14.33678,17.07648,1.28453,39.8952,28.5179,7.0925,5.931,9.2147,4.622,1.03813,1.29467,9788.610859999999,0
CF,20.93161,34.35892,3.3144,87.5022,46.6672,10.4215,6.3396,15.1807,4.5715,1.02468,0.95145,9688.7615,0
PNW,19.40603,27.28275,1.74406,98.0526,49.5083,14.0676,10.0126,9.1766,2.6233,0.12851,0.02661,9604.3808,5
NRG,18.68518,21.61413,3.26712,91.9962,130.3065,10.8442,5.0751,15.1807,7.0791,0.66374,0.74927,9792.04977,5
DXC,22.610205,9.02408,1.1169,121.7249,54.899,-6.0399,5.4829,-12.1695,4.2852,1.40552,2.09832,9233.8308,0
DVA,18.99869,21.46393,4.19815,293.8693,74.6108,3.6808,4.8759,20.2725,5.6535,1.57449,1.68065,9304.759740000001,0
IRM,23.7471,40.58628,6.22418,661.9364,86.8755,9.3518,5.4644,23.0168,3.803,0.61343,0.5264,9380.97507,5
WHR,8.90024,12.83782,3.07031,160.9014,61.6713,5.1505,3.5711,39.5694,3.9501,1.18766,1.74278,9239.80725,0
SNA,13.2705,16.78081,2.73866,37.5045,27.2751,17.1735,13.5931,21.5794,10.9485,0.98225,1.22258,9196.6358,0
NOV,22.610205,27.677715,1.11871,40.2263,28.6867,-66.2866,-4.4133,-51.8872,-1.6888,1.26829,1.34352,9124.92961,0
COTY,22.610205,52.697,2.01701,179.7648,64.2556,-43.4556,1.9789,-56.9543,1.9381,1.02033,0.69251,8768.80993,0
FBHS,22.14905,22.56183,3.84909,107.9,51.8999,7.2268,7.0982,18.085,7.4215,1.30108,1.53083,9067.092840000001,0
BWA,11.90419,13.16643,2.00841,47.2258,32.0771,7.4214,6.7011,17.7323,7.4326,1.26967,1.85058,9071.23999,0
KIM,28.33665,37.97428,1.82438,108.1246,51.9518,33.9461,20.4378,6.1226,2.5121,0.69111,0.57617,8795.103290000001,5
DVN,7.90433,11.24797,1.36781,69.6728,41.063,15.1062,9.1652,16.3471,6.4803,1.47409,2.38546,8995.622,0
IPG,13.40432,15.06989,3.52425,197.5525,66.3924,7.5913,6.7705,28.3618,4.7258,1.14029,1.10958,8797.64135,0
ABMD,39.50088,55.12973,8.63387,1.2812,1.265,26.9195,19.2828,24.7495,15.4357,1.7911,0.32536,8076.8941700000005,2
FTI,22.610205,80.14612,0.84284,47.9802,32.4234,-17.3813,0.8192,-19.7564,2.3401,1.42944,1.70525,8646.232590000001,0
ZION,11.63516,13.75941,1.21982,91.9962,49.5477,30.6566,24.7144,11.8018,1.2531,1.11304,1.57713,8495.06671,4
ALK,13.88573,14.45389,1.9808,78.857,44.0894,7.0906,6.8106,15.1933,5.0678,0.85481,0.78655,8220.59445,0
FFIV,19.49153,24.34186,4.7293,91.9962,49.5477,19.0744,15.2841,28.0758,10.9605,0.92931,1.04496,8560.99418,0
RL,19.76607,19.0981,2.85921,97.0277,49.2457,7.0808,7.3244,14.1414,6.7823,0.93142,0.9199,8329.43007,0
UAA,76.43898,77.32589,3.97511,60.3589,37.6399,2.1407,2.1278,5.3688,2.9296,1.69652,0.53412,8283.19064,0
XRX,13.32282,13.18084,1.70345,101.0784,50.2681,7.2821,7.3309,13.1036,4.3564,1.64871,1.79425,7895.195290000001,0
HFC,10.20369,11.4368,1.35957,44.6903,30.8868,4.8924,4.348,14.1658,7.8134,1.11336,1.4367,8026.209129999999,0
NWL,22.610205,68.4966,1.94892,168.2355,62.7193,-5.7665,1.4405,-8.1828,1.7297,0.95708,1.04797,8061.536,0
JNPR,22.76511,26.92823,1.76068,40.7397,28.9468,8.3471,7.0629,7.9369,3.5384,0.95602,0.9884,8036.31627,0
AIZ,31.55896,25.99094,1.41355,65.013,39.3987,2.8964,3.2859,4.8067,0.8989,0.7839,0.49168,7899.02984,5
AIV,23.00482,27.677715,4.5928,230.5249,69.745,38.2689,-1.7391,18.2416,1.8292,0.53085,0.49039,7672.02787,5
NWSA,22.610205,36.09398,0.89156,29.2705,22.6428,-1.7492,2.1663,-1.9248,1.7796,1.00375,1.47341,7876.582259999999,0
AOS,19.4656,24.6415,4.60814,22.4006,18.3011,13.2599,10.4647,23.7369,10.4811,1.13061,1.47581,7424.85678,0
IVZ,14.36787,8.1702,0.79694,18.5799,15.6686,10.0079,15.6358,5.3811,2.3634,1.29379,1.5579,7757.04632,0
IPGP,29.38622,35.31025,3.16373,2.9025,2.8206,19.45,16.1911,11.3492,7.8508,1.56036,2.17798,7357.6309,4
PNR,21.82194,28.23504,4.02873,64.2925,39.1329,11.9218,9.2268,18.8316,7.1705,1.12945,1.15683,7648.231409999999,0
PVH,11.8713,14.64592,1.25214,84.088,45.6781,6.5705,5.3227,11.03,4.4845,1.32732,1.50201,7478.22749,0
APA,22.610205,27.677715,1.19293,102.4938,50.6157,-15.3132,-1.0869,-13.7712,1.5944,1.44668,1.91222,8002.05219,0
KSS,10.85975,11.47766,1.38236,113.9682,53.264,3.4961,3.287,12.9163,5.3002,0.97999,1.02682,7468.28888,0
PBCT,12.63112,16.02966,0.94115,91.9962,49.5477,29.8957,22.9251,7.9626,1.0727,1.10201,1.24085,7316.36125,4
MOS,22.610205,23.57881,0.71792,47.3203,32.1207,-0.3646,3.3365,-0.332,2.4801,1.38633,1.61476,6901.0555,0
FLIR,27.50137,39.75235,3.83936,42.0086,29.5817,14.5376,10.0143,14.0875,6.541,0.83599,1.16491,7043.03618,0
NLSN,22.610205,19.44958,3.3286,383.3404,79.3106,-19.4586,5.6999,-40.7647,4.0835,0.99129,0.90911,6984.555420000001,0
PRGO,28.93694,42.47055,1.23579,60.7751,37.8013,5.2337,3.5643,4.3175,2.1861,1.58437,1.46787,7324.0572,0
TPR,13.67324,14.71266,2.28181,126.2593,55.8029,9.0126,8.3592,16.9186,7.0792,0.93921,1.03514,7124.65835,0
LEG,23.90868,28.30471,5.56406,191.5657,65.7024,6.4456,5.4403,24.7862,7.128,1.03587,1.11391,6784.12403,0
SLG,40.98256,68.45991,1.29495,97.6817,49.4136,16.6989,9.1531,3.0781,1.8301,0.82619,1.08155,7172.27292,5
ALB,11.95536,15.04137,1.77706,51.4712,33.9808,16.2689,12.9384,15.5438,5.9825,1.16991,1.65207,6963.18928,0
RHI,15.36405,17.87681,6.10012,24.4755,19.6629,7.5623,6.5031,40.8014,17.8603,1.2061,1.33258,6944.23677,0
COG,8.42712,10.66546,2.96327,56.8038,36.226,36.9118,29.1714,37.5685,15.4598,0.65324,0.4683,6526.79477,2
FLS,25.62224,27.73559,3.60965,87.1217,46.5588,6.3925,5.9156,14.7125,5.6772,1.65406,1.7165,6310.07634,0
GPS,7.59118,7.62782,1.66998,215.5476,68.309,4.9657,4.9595,22.929,7.503,0.6182,0.71315,6036.25112,5
UNM,5.90845,7.43756,0.62672,36.8661,26.9359,8.8914,7.0683,11.6056,1.4631,1.3082,1.60358,6227.2452299999995,0
SEE,16.33846,19.03471,3.26712,91.9962,108.2387,7.5539,6.6754,15.1807,8.0808,0.77162,1.01879,5987.48504,0
JWN,10.79572,13.08057,6.84996,565.4524,84.9726,3.5681,2.9452,53.7487,5.4434,0.80146,0.67138,6028.480479999999,0
CPRI,17.21312,13.02668,2.40407,189.3864,65.4441,6.0502,7.978,14.701,7.9598,1.04848,0.87875,5777.3119799999995,0
PWR,17.59448,15.46171,1.47503,55.7052,35.776,2.8131,3.2036,8.8151,4.916,1.32266,1.23382,5718.8099600000005,0
HOG,14.41444,15.64772,3.06337,406.7512,80.2664,7.5548,6.9365,20.5873,3.6999,1.3102,1.16598,5725.60744,0
HBI,9.36178,11.85636,4.40022,352.8994,77.92,8.3452,6.6024,55.4876,7.8118,1.13004,1.14789,5418.22296,0
LB,13.42394,7.97846,3.26712,91.9962,115.6609,2.8026,4.7333,15.1807,9.1215,1.089,0.80043,4783.01193,0
ADS,7.7535,7.93874,3.24169,1506.3731,93.7747,6.0367,8.9216,37.1848,3.0072,1.25475,1.65361,4858.0084,0
XEC,9.67856,9.83272,1.23038,57.385,36.4615,21.1316,20.3237,13.9192,7.2965,1.23081,1.38444,4711.13803,4
HRB,11.00175,15.07386,3.26712,91.9962,103.708,13.2779,10.1923,15.1807,14.4103,0.71447,0.22639,4494.563520000001,5
M,4.88744,7.01687,0.77288,123.8566,55.3285,3.7879,2.6425,16.4448,3.6939,0.97051,0.61618,4850.75516,0
HP,22.610205,34.84601,1.09945,11.9473,10.6723,-1.2026,4.556,-0.8484,2.2949,1.23314,1.6554,4510.2937600000005,0
AMG,22.610205,27.677715,1.38302,45.0103,31.0394,-7.0313,-7.8374,-4.7277,5.5756,1.39981,1.67197,4128.5142,0
TRIP,34.5442,32.72817,2.4557,10.2548,9.301,7.5111,7.9567,7.6375,5.1502,1.59181,1.30293,4033.30631,0
MAC,47.67352,48.15498,1.41882,187.4837,65.2154,8.2631,8.0652,2.8001,1.9067,0.71496,0.71824,3764.7024100000003,5
