Companies,Ticker,PE_Calc,PBV_Calc,IQ_MarketCap,IQ_TOTAL_DEBT_CAPITAL,IQ_NI_NORM_MARGIN,Return on Equity_Calc,IQ_RETURN_ASSETS,IQ_BETA_2YR
International Business Machines Corporation,NYSE:IBM,17.34703009,6.597397934,118462.8659,79.8026,8.9053,38.36919131,5.1282,1.04578
A. O. Smith Corporation,NYSE:AOS,23.78911721,4.483068341,7424.85678,18.3011,10.4647,18.53532137,10.4811,1.13061
Abbott Laboratories,NYSE:ABT,58.76856633,4.719477083,150159.5739,38.4486,8.1386,8.044777968,4.2152,1.0721
AbbVie Inc.,NYSE:ABBV,17.41775285,-15.58598448,128213.7902,126.8665,22.475,-87.65905515,13.4459,1.2402
"Abiomed, Inc.",NasdaqGS:ABMD,51.07725696,8.161617083,8076.89417,1.265,19.2828,15.91358916,15.4357,1.7911
Accenture plc,NYSE:ACN,33.5831178,8.926164339,128469.3088,0.1525,8.8946,27.24327512,14.5307,1.03388
"Activision Blizzard, Inc.",NasdaqGS:ATVI,35.37805283,3.545874437,43391.32875,19.427,17.7585,10.12122238,7.1158,0.77789
Adobe Inc.,NasdaqGS:ADBE,81.56524495,14.37935478,147034.0367,28.7719,17.0528,17.92596176,10.6441,1.15184
"Advance Auto Parts, Inc.",NYSE:AAP,26.23567682,3.107448348,10733.62084,47.9935,4.3954,11.68935836,4.5401,0.86216
"Advanced Micro Devices, Inc.",NasdaqGS:AMD,248.896456,20.20662257,43954.87853,33.7998,2.781,8.563143599,4.6354,2.07669
"Affiliated Managers Group, Inc.",NYSE:AMG,-24.4868258,1.356470115,4128.5142,31.0394,-7.8374,-5.45808942,5.5756,1.39981
Aflac Incorporated,NYSE:AFL,15.47008049,1.324772217,38939.65543,22.2451,11.767,8.772108216,1.8569,0.8487
"Agilent Technologies, Inc.",NYSE:A,45.60413728,5.428974925,25815.7937,33.6408,11.1248,11.91730942,6.5372,1.17514
"Air Products and Chemicals, Inc.",NYSE:APD,36.45750596,4.576364265,50589.58579,22.6133,15.5488,12.36488855,7.3561,0.81692
"Akamai Technologies, Inc.",NasdaqGS:AKAM,42.53042054,3.87113037,13550.26146,38.6626,11.3368,9.290613654,5.6927,0.96984
"Alaska Air Group, Inc.",NYSE:ALK,14.02357154,1.934987998,8220.59445,44.0894,6.8106,14.26952107,5.0678,0.85481
Albemarle Corporation,NYSE:ALB,15.28332449,1.814923664,6963.18928,33.9808,12.9384,11.92744832,5.9825,1.16991
"Alexandria Real Estate Equities, Inc.",NYSE:ARE,181.0175123,2.328214423,18318.17717,43.8788,6.5862,1.292947953,1.6774,0.56204
"Alexion Pharmaceuticals, Inc.",NasdaqGS:ALXN,20.15008594,2.337405685,24231.33067,21.6748,25.6672,11.79056858,8.8258,1.53959
"Align Technology, Inc.",NasdaqGS:ALGN,73.2559687,16.61415949,21691.69043,4.1883,13.079,22.25372001,14.1338,1.81612
Allegion plc,NYSE:ALLE,37.26897771,17.06779864,11678.6818,68.6882,11.1776,46.73652527,12.5949,0.98806
Allergan plc,NYSE:AGN,460.0670479,1.047223178,61269.68199,28.2927,0.8483,0.22524372,0.6267,1.15925
Alliance Data Systems Corporation,NYSE:ADS,7.947660571,3.248465079,4858.0084,93.7747,8.9216,33.40550898,3.0072,1.25475
Alliant Energy Corporation,NasdaqGS:LNT,34.35099672,2.565360094,12747.79002,55.9231,10.0587,7.632244883,2.8365,0.27557
Alphabet Inc.,NasdaqGS:GOOG.L,40.84964838,4.763579737,927376.8873,7.0877,14.7327,11.77136377,8.5449,1.13541
"Altria Group, Inc.",NYSE:MO,14.33150509,8.911013871,93966.76345,72.3269,33.2166,52.43374912,13.6193,0.64775
"Amazon.com, Inc.",NasdaqGS:AMZN,103.3537119,15.31847469,867010.5146,56.8966,3.1373,15.27271181,5.2185,1.36685
Amcor plc,ASX:AMC,43.1744589,4.536852976,24407.07129,53.6766,4.4196,10.35000272,0,0.2639
Ameren Corporation,NYSE:AEE,30.24201683,2.286988182,18439.93291,53.84,10.5806,7.688487124,3.0154,0.21261
American Airlines Group Inc.,NasdaqGS:AAL,6.880211068,73.5346456,11766.2371,99.5375,3.8689,2471.949598,4.1637,1.38983
"American Electric Power Company, Inc.",NYSE:AEP,32.79487809,2.308545426,45517.65948,59.71,8.8057,7.120579572,2.6529,0.25824
American Express Company,NYSE:AXP,19.5691034,4.301647313,98716.19148,72.9362,13.168,22.09617655,3.6923,1.13281
"American International Group, Inc.",NYSE:AIG,27.9220995,0.673456541,43854.26046,34.3326,3.1387,2.43171321,0.6689,0.84852
American Tower Corporation (REIT),NYSE:AMT,64.51278455,17.87768036,93708.47843,81.6833,18.6017,27.08475202,5.3768,0.39249
"American Water Works Company, Inc.",NYSE:AWK,41.69756333,3.530702215,21855.83883,59.9197,14.7906,8.577619999,3.4411,0.34013
"Ameriprise Financial, Inc.",NYSE:AMP,15.24408042,3.494982933,20842.69052,48.8877,11.3946,23.20846571,1.4523,1.58863
AmerisourceBergen Corporation,NYSE:ABC,17.0414769,6.223826497,17845.21664,60.0192,0.5951,35.9763183,3.0363,1.307
"AMETEK, Inc.",NYSE:AME,33.94349287,4.635310477,22555.25868,34.9049,12.9332,13.93391899,8.3697,1.09749
Amgen Inc.,NasdaqGS:AMGN,24.96106667,12.76807724,139044.8904,73.4807,24.6847,51.71701882,9.8192,1.1029
Amphenol Corporation,NYSE:APH,32.44629041,7.548404061,31407.36652,49.5477,11.7279,23.32704687,10.2411,1.08151
"Analog Devices, Inc.",NasdaqGS:ADI,43.08757731,3.643961812,42667.82945,32.4725,16.5662,8.440590466,5.3981,1.20731
"ANSYS, Inc.",NasdaqGS:ANSS,64.08767453,7.244540899,21534.82,3.5574,22.7923,11.50449738,9.7158,1.26766
"Anthem, Inc.",NYSE:ANTM,21.26205367,2.272779737,71149.97338,40.5092,3.3837,10.82607338,5.0524,0.84364
Aon plc,NYSE:AON,33.81648086,13.75438267,48037.972,70.4505,13.3877,38.90248762,6.3163,0.89365
Apache Corporation,NYSE:APA,-118.1369011,1.269917807,8002.05219,50.6157,-1.0869,-1.053949605,1.5944,1.44668
Apartment Investment and Management Company,NYSE:AIV,-481.6337976,4.498511554,7672.02787,69.745,-1.7391,-0.918278453,1.8292,0.53085
3M Company,NYSE:MMM,25.74917369,9.06690997,97034.04753,65.459,11.8493,36.26807255,10.0516,1.24184
"Applied Materials, Inc.",NasdaqGS:AMAT,27.37794925,6.612710651,54538.42175,39.277,13.8323,24.34754137,11.38,1.56051
Aptiv PLC,NYSE:APTV,28.77708974,6.668540752,23739.23893,55.958,5.805,23.34791529,7.2181,1.32105
Archer-Daniels-Midland Company,NYSE:ADM,23.66202307,1.305362819,24622.23571,34.002,1.6402,5.509689132,2.3659,0.82935
Arconic Inc.,NYSE:ARNC,19.61954541,2.920452048,13520.7494,58.3811,5.1225,14.73845124,5.1939,1.54109
"Arista Networks, Inc.",NYSE:ANET,26.56784017,5.4984298,14609.79071,3.7208,22.3207,21.24211072,16.1054,1.37128
Arthur J. Gallagher & Co.,NYSE:AJG,49.85745961,3.637031637,17615.23212,50.2964,5.1154,7.258904968,2.5674,0.74627
"Assurant, Inc.",NYSE:AIZ,25.59115831,1.399480365,7899.02984,39.3987,3.2859,5.454352294,0.8989,0.7839
AT&T Inc.,NYSE:T,24.84120373,1.522924462,278831.85,50.4042,6.1646,6.111170437,3.2265,0.86328
Atmos Energy Corporation,NYSE:ATO,30.84767808,2.2248063,12793.62802,40.9906,14.0354,7.24605226,3.7094,0.2157
"Autodesk, Inc.",NasdaqGS:ADSK,274.2762917,-230.4406388,39526.72848,109.1613,4.6207,-78.6861612,4.1453,1.54864
"Automatic Data Processing, Inc.",NasdaqGS:ADP,37.36438542,13.52096461,72364.4284,54.5294,13.5261,36.08831475,5.2248,0.98323
"AutoZone, Inc.",NYSE:AZO,23.96119335,-16.57937002,29446.45365,129.5126,10.6054,-70.98195499,12.5334,0.49891
"AvalonBay Communities, Inc.",NYSE:AVB,75.27179411,2.732600594,29551.82238,40.9358,16.9064,3.640867128,2.7494,0.50317
Avery Dennison Corporation,NYSE:AVY,24.16746877,10.26114905,10839.51067,66.9645,6.4367,42.51896574,9.6952,1.12157
Baker Hughes Company,NYSE:BKR,20.9600207,0.673040171,14739.02479,18.5101,2.3105,3.209903754,2.0113,1.24507
Ball Corporation,NYSE:BLL,42.86951211,6.248373584,20893.76283,67.5895,4.3054,14.43073996,4.3224,0.698
Bank of America Corporation,NYSE:BAC,15.30983762,1.247754117,302595.413,0,24.4798,8.234387434,1.1631,1.2848
Baxter International Inc.,NYSE:BAX,37.16272177,5.421571073,42381.24269,42.4754,10.5031,14.7429477,6.7331,0.85573
"Becton, Dickinson and Company",NYSE:BDX,48.08274963,3.349198815,70606.25941,47.9108,8.4767,6.891328922,3.4553,1.06092
Berkshire Hathaway Inc.,NYSE:BRK.A,26.73752866,1.369423012,544013.7417,21.2019,8.0562,5.224265968,3.2286,1.05454
"Best Buy Co., Inc.",NYSE:BBY,17.21415327,6.974656446,21693.31338,56.7294,3.0062,39.89136391,8.2103,1.14668
Biogen Inc.,NasdaqGS:BIIB,12.65389773,3.798014708,52730.53001,31.5013,31.2631,31.41317793,17.1369,1.36761
"BlackRock, Inc.",NYSE:BLK,23.61358459,2.364968945,76641.5473,16.9163,23.4522,10.10159818,1.9809,1.31619
Booking Holdings Inc.,NasdaqGS:BKNG,26.05325775,13.61967262,80609.05552,60.4899,21.8624,55.68433869,14.5389,1.0915
BorgWarner Inc.,NYSE:BWA,13.27828171,2.035279412,9071.23999,32.0771,6.7011,15.43778162,7.4326,1.26967
"Boston Properties, Inc.",NYSE:BXP,75.13188714,3.878176283,21228.0099,60.525,9.6676,5.141052443,3.1747,0.79473
Boston Scientific Corporation,NYSE:BSX,66.51790458,6.297071761,61077.3498,53.591,8.8048,9.594739257,4.7231,1.12866
Bristol-Myers Squibb Company,NYSE:BMY,19.4510327,5.761765181,146300.5732,59.2096,21.6853,31.08620092,9.8363,0.75431
Broadcom Inc.,NasdaqGS:AVGO,53.98004028,5.917711749,126823.5795,63.5961,10.7006,10.80860567,5.1419,0.9694
"Broadridge Financial Solutions, Inc.",NYSE:BR,37.89907966,11.96915802,13691.04073,63.7751,8.3823,31.76139141,10.2903,0.86468
Brown-Forman Corporation,NYSE:BF.B,46.44152213,15.69270061,29714.64899,56.3202,19.266,36.3955345,12.9648,0.64208
"C.H. Robinson Worldwide, Inc.",NasdaqGS:CHRW,19.34750298,6.13036043,10264.15453,47.6935,3.4427,31.88433599,12.4419,0.78132
Cabot Oil & Gas Corporation,NYSE:COG,10.5609864,2.948526106,6526.79477,36.226,29.1714,27.46869903,15.4598,0.65324
"Cadence Design Systems, Inc.",NasdaqGS:CDNS,58.58138625,12.48985874,18488.27277,23.8672,13.3296,21.6679606,12.894,1.04928
Campbell Soup Company,NYSE:CPB,29.28663423,11.69488014,14473.42355,87.3185,6.0969,42.18537163,5.1223,0.45462
Capital One Financial Corporation,NYSE:COF,10.84361693,0.901283629,47238.07961,0,19.869,8.433057469,1.5151,1.42255
Capri Holdings Limited,NYSE:CPRI,12.91726846,2.402174441,5777.31198,65.4441,7.978,18.9229798,7.9598,1.04848
"Cardinal Health, Inc.",NYSE:CAH,16.58903925,17.6711691,15876.26786,90.2997,0.6597,27.00198675,2.9533,1.34984
"CarMax, Inc.",NYSE:KMX,23.04518513,4.521215884,16283.50785,80.977,3.5864,20.09018871,4.0419,0.90451
Carnival Corporation & Plc,NYSE:CCL,16.22694332,1.243634149,30831.63563,29.8374,9.5431,7.864836903,4.87,1.00804
Caterpillar Inc.,NYSE:CAT,16.58281215,5.322552208,79582.80773,72.0279,8.9812,32.50650415,6.5051,1.51961
"Cboe Global Markets, Inc.",BATS:CBOE,33.20066459,3.86703677,12826.64894,21.7144,14.6893,11.67196307,8.0914,0.60226
"CBRE Group, Inc.",NYSE:CBRE,22.03244703,3.481954759,19133.32503,44.3952,3.8736,16.05799094,6.0739,1.15345
CDW Corporation,NasdaqGS:CDW,33.95268748,20.87635767,19491.71739,80.2867,3.3309,61.68786456,9.0584,1.10225
Celanese Corporation,NYSE:CE,20.35879495,5.423557826,14842.13013,55.9994,11.657,26.34597609,6.7574,1.02849
Centene Corporation,NYSE:CNC,17.58004557,1.970987097,24265.00166,38.6331,2.0138,11.27984436,4.9534,0.98583
"CenterPoint Energy, Inc.",NYSE:CNP,19.72397433,1.909041146,12611.28967,64.1725,5.2758,9.744229942,2.7562,0.38893
"CenturyLink, Inc.",NYSE:CTL,10.55685329,1.117117979,15274.10969,72.9597,6.2806,10.5740428,3.8939,1.34757
Cerner Corporation,NasdaqGS:CERN,53.99975832,5.08814228,22457.96482,20.9891,7.5965,9.16875444,5.966,1.10241
"CF Industries Holdings, Inc.",NYSE:CF,33.56483225,3.257383757,9688.7615,46.6672,6.3396,9.590653668,4.5715,1.02468
"Charter Communications, Inc.",NasdaqGS:CHTR,99.8183057,3.034500368,100059.6145,65.2708,2.3019,2.983698714,2.6398,1.13963
Chevron Corporation,NYSE:CVX,18.1360005,1.410258401,219776.0744,19.0477,8.3093,7.777705299,3.287,0.93135
"Chipotle Mexican Grill, Inc.",NYSE:CMG,79.85464386,14.09783873,22868.22614,63.3923,5.3205,18.10135188,7.7052,1.10411
Chubb Limited,NYSE:CB,25.01934443,1.262983037,68873.15429,23.3216,8.4091,5.098010663,1.6436,0.64865
"Church & Dwight Co., Inc.",NYSE:CHD,34.99641967,6.651638182,17030.89707,47.8173,11.3954,18.90341581,8.4288,0.43004
Cigna Corporation,NYSE:CI,16.02616339,1.60277883,71604.31489,46.8369,3.2102,10.15392759,4.1289,1.00742
Cimarex Energy Co.,NYSE:XEC,9.679726419,1.211348094,4711.13803,36.4615,20.3237,12.53618991,7.2965,1.23081
Cincinnati Financial Corporation,NasdaqGS:CINF,24.76445318,1.836440973,17206.55337,8.629,10.7027,7.509556083,3.0785,0.77355
Cintas Corporation,NasdaqGS:CTAS,40.23368435,8.743293448,26708.08494,49.9575,9.6366,21.89511185,9.9003,0.9405
"Cisco Systems, Inc.",NasdaqGS:CSCO,20.80582638,5.455405632,187847.3866,36.3326,17.7626,26.57691352,9.1179,1.17193
Citigroup Inc.,NYSE:C,11.91771962,0.932429759,164940.3022,0,22.5185,7.902922447,0.9531,1.3504
"Citizens Financial Group, Inc.",NYSE:CFG,12.64922793,0.83863192,17014.89935,0,23.3076,6.706308732,1.1184,1.33203
"Citrix Systems, Inc.",NasdaqGS:CTXS,42.19059587,19.94111495,14252.56171,58.6472,11.3812,55.30086143,7.5631,0.80137
CME Group Inc.,NasdaqGS:CME,41.64683097,2.732071606,73360.63016,14.4392,35.2424,6.59772056,2.2778,0.37694
CMS Energy Corporation,NYSE:CMS,36.83368199,3.518157299,17440.87186,72.6161,6.8578,9.654697471,3.1549,0.20112
Cognizant Technology Solutions Corporation,NasdaqGS:CTSH,19.14878174,3.118482818,33226.29408,13.7074,10.7912,16.42617327,10.6811,0.90525
Colgate-Palmolive Company,NYSE:CL,29.4889056,-178.4467252,57816.20308,98.0619,12.7275,-584.722737,16.066,0.67113
Comcast Corporation,NasdaqGS:CMCS.A,19.99277656,2.449156854,191386.9582,56.699,8.8191,12.34673733,5.6623,0.97534
Comerica Incorporated,NYSE:CMA,10.71046603,1.397322426,10061.97251,0,30.3184,13.18711671,1.7173,1.16355
"Conagra Brands, Inc.",NYSE:CAG,16.01194604,1.87267755,13932.9084,58.951,8.2855,11.7324497,6.5702,0.96871
Concho Resources Inc.,NYSE:CXO,23.25532729,0.838268041,15515.95513,19.3455,16.0891,3.658089015,2.9848,1.39603
ConocoPhillips Company,NYSE:COP,13.79708355,1.925668208,67679.53138,30.8551,14.2515,14.48295903,6.9954,0.91346
"Consolidated Edison, Inc.",NYSE:ED,29.9862034,1.619237256,29117.57944,54.397,7.5296,5.437789417,2.9992,0.22058
"Constellation Brands, Inc.",NYSE:STZ,59.81464771,3.042423057,34617.63015,53.6571,7.058,4.913769764,6.4118,0.7819
"Copart, Inc.",NasdaqGS:CPRT,42.99823702,10.65169711,20523.38185,21.9205,22.1018,25.62195961,18.3864,0.94692
Corning Incorporated,NYSE:GLW,24.5307466,2.004785155,21550.45595,34.8931,7.6305,8.084454179,3.3948,1.25608
"Corteva, Inc.",NYSE:CTVA,125.388849,0.783842317,19608.10075,14.4767,3.1045,0.614609619,0.1081,0
Costco Wholesale Corporation,NasdaqGS:COST,44.27346096,8.516779613,130458.9431,31.7329,1.9208,19.73065663,6.8668,0.84807
Coty Inc.,NYSE:COTY,51.36514983,1.966035338,8768.80993,64.2556,1.9789,3.764638636,1.9381,1.02033
Crown Castle International Corp. (REIT),NYSE:CCI,88.99011001,4.94461415,55966.59348,67.5974,10.761,5.508212577,2.9547,0.5275
CSX Corporation,NasdaqGS:CSX,20.85113805,4.73002335,55780.41933,59.2752,22.8423,22.52487322,8.3321,1.15626
Cummins Inc.,NYSE:CMI,14.60388437,3.56533634,27553.89878,26.2656,8.1325,24.06372677,9.0307,1.24815
CVS Health Corporation,NYSE:CVS,15.16492241,1.524073821,95425.70991,58.7624,2.4956,10.15031077,4.1483,1.23761
"D.R. Horton, Inc.",NYSE:DHI,15.68355737,2.055603883,20602.45504,24.8231,7.55,13.38240757,8.8787,0.53201
Danaher Corporation,NYSE:DHR,48.6852035,3.478433457,107777.247,35.9941,10.7033,7.17524291,4.0488,0.93769
"Darden Restaurants, Inc.",NYSE:DRI,28.40103892,6.046414884,14398.32439,70.2039,5.9391,21.28052341,7.0959,0.65918
DaVita Inc.,NYSE:DVA,21.37911952,4.194103309,9304.75974,74.6108,4.8759,16.20162806,5.6535,1.57449
Deere & Company,NYSE:DE,20.94673826,4.655487096,53133.07,79.8625,6.5314,21.48738937,3.773,1.32532
"Delta Air Lines, Inc.",NYSE:DAL,9.917587513,2.355351969,35490.43915,52.7811,7.9181,24.72090461,6.7299,1.00113
DENTSPLY SIRONA Inc.,NasdaqGS:XRAY,52.50552519,2.495836244,12628.64886,23.749,6.0699,4.715161367,2.7945,0.74584
Devon Energy Corporation,NYSE:DVN,11.30341612,1.384364484,8995.622,41.063,9.1652,12.18601144,6.4803,1.47409
"Diamondback Energy, Inc.",NasdaqGS:FANG,15.94769203,0.96146325,13450.07149,23.5828,23.62,6.090793442,5.7476,1.11007
"Digital Realty Trust, Inc.",NYSE:DLR,134.3775479,2.92745554,24424.46214,53.5467,5.6417,2.160978144,1.7782,0.54861
Discover Financial Services,NYSE:DFS,11.26530372,2.378597088,26403.43095,67.6102,29.9234,21.47806588,2.7106,1.43144
"Discovery, Inc.",NasdaqGS:DISC.A,11.84705522,2.345974596,21486.6083,58.4654,15.7313,19.85090695,7.1439,1.18637
DISH Network Corporation,NasdaqGS:DISH,14.49256769,1.6430838,16709.90876,57.1801,8.5507,11.55301505,3.7124,1.50974
Dollar General Corporation,NYSE:DG,29.84362566,5.917041931,39338.26717,63.1484,4.9132,19.77318197,7.883,0.63601
"Dollar Tree, Inc.",NasdaqGS:DLTR,24.2384748,3.538144875,21654.601,62.2842,3.8166,14.91156726,5.5143,0.39621
"Dominion Energy, Inc.",NYSE:D,34.0945967,2.404503466,66588.25452,58.4726,11.7746,7.174076441,2.6682,0.17699
Dover Corporation,NYSE:DOV,28.82416166,5.447892642,16439.7969,51.9324,7.9648,19.108948,7.5615,1.00223
Dow Inc.,NYSE:DOW,21.3886942,2.26297085,39373.43256,53.4427,4.1345,10.43903206,0,0
DTE Energy Company,NYSE:DTE,30.65776986,2.140308912,24078.44935,59.3604,5.6222,7.093114169,2.7482,0.25033
Duke Energy Corporation,NYSE:DUK,24.74256611,1.458819572,64883.92525,56.6893,10.5677,5.907562861,2.3768,0.16032
Duke Realty Corporation,NYSE:DRE,116.4587444,2.572521159,12798.8108,36.2457,10.5288,2.264769499,2.0014,0.5088
"DuPont de Nemours, Inc.",NYSE:DD,8.135798144,1.155585702,47656.09611,30.2582,6.9769,14.13631923,5.1134,0.79687
DXC Technology Company,NYSE:DXC,8.712497252,1.078337787,9233.8308,54.899,5.4829,11.01835181,4.2852,1.40552
E*TRADE Financial Corporation,NasdaqGS:ETFC,12.18275488,1.717796571,10061.12413,28.9837,30.1825,14.15112077,1.6659,1.37476
Eastman Chemical Company,NYSE:EMN,16.0831656,1.739946742,10474.47893,51.2357,7.0163,10.99605201,4.9386,1.34128
Eaton Corporation plc,NYSE:ETN,22.72002958,2.436107289,38607.426,34.9826,8.045,10.65446718,5.8699,1.09282
eBay Inc.,NasdaqGS:EBAY,25.83719313,8.746027095,28408.29489,72.0082,10.9962,30.47732872,7.1578,0.92179
Ecolab Inc.,NYSE:ECL,40.93850489,6.227681981,53356.917,45.9325,8.7732,15.50935974,7.0781,0.80069
Edison International,NYSE:EIX,24.68160284,1.948719234,25650.73919,55.6322,7.7506,8.326867422,2.4135,0.34476
Edwards Lifesciences Corporation,NYSE:EW,63.78853845,12.58826873,48037.84562,14.9526,18.1029,20.55443252,12.4344,1.09472
Electronic Arts Inc.,NasdaqGS:EA,40.43332615,4.22430918,30132.22382,14.8769,14.9857,11.01603602,7.4568,0.61315
Eli Lilly and Company,NYSE:LLY,30.74862907,32.49525808,115964.5945,82.1361,15.085,116.3110151,9.5253,0.76024
Emerson Electric Co.,NYSE:EMR,25.5803113,5.620191426,46131.21993,40.8818,9.9295,21.36906586,9.3611,1.21921
Entergy Corporation,NYSE:ETR,35.80788937,2.344592389,23529.88417,65.6637,5.7735,6.619525835,1.99,0.21937
"EOG Resources, Inc.",NYSE:EOG,18.30757311,2.056461108,43440.32497,22.2541,13.7105,11.35462246,6.9889,1.11064
Equifax Inc.,NYSE:EFX,88.42448958,6.544058433,16461.28606,56.3926,5.4024,7.354241471,3.3514,1.13263
"Equinix, Inc. (REIT)",NasdaqGS:EQIX,105.5851712,5.442554304,47682.82122,58.3219,8.1876,5.144220917,3.0755,0.48424
Equity Residential,NYSE:EQR,96.40520971,3.026147185,30703.5827,46.1024,11.8782,3.141430488,2.697,0.46146
"Essex Property Trust, Inc.",NYSE:ESS,117.1734726,3.23513495,20139.04426,48.6945,11.5849,2.769201056,2.5158,0.3668
"Everest Re Group, Ltd.",NYSE:RE,91.81581952,1.230279149,11052.36451,7.2185,1.5123,1.34671727,0.6273,0.52932
"Evergy, Inc.",NYSE:EVRG,33.33969486,1.662864474,14332.83175,53.668,8.9723,4.993889809,2.6169,0.14194
Eversource Energy,NYSE:ES,31.54433462,2.172624135,26337.98932,56.0423,9.6864,6.933614308,2.9555,0.347
Exelon Corporation,NasdaqGS:EXC,22.78550843,1.341609348,42962.35129,53.3653,5.3933,5.9304001,2.332,0.35633
"Expedia Group, Inc.",NasdaqGS:EXPE,31.70234455,3.893188381,16221.46701,48.6248,4.4048,12.2205132,2.9675,1.10075
"Expeditors International of Washington, Inc.",NasdaqGS:EXPD,24.59699007,5.740362546,12675.52167,14.5247,6.2009,24.18096044,14.2616,1.09895
Extra Space Storage Inc.,NYSE:EXR,53.35773474,5.384234596,13593.42355,63.8441,19.4066,10.21935693,4.9484,0.27271
Exxon Mobil Corporation,NYSE:XOM,24.14413657,1.536356007,291777.0743,21.1551,4.6753,6.3388691,2.5313,1.02792
"F5 Networks, Inc.",NasdaqGS:FFIV,24.6699894,4.825941233,8560.99418,0,15.2841,20.3192075,10.9605,0.92931
"Facebook, Inc.",NasdaqGS:FB,39.19463607,6.141023103,576794.2534,8.8547,22.1839,16.11698525,13.2268,1.21337
Fastenal Company,NasdaqGS:FAST,32.04566961,8.037165931,20781.7573,20.9531,12.2473,25.4816414,18.7443,1.18305
Federal Realty Investment Trust,NYSE:FRT,68.69776477,4.241895574,9802.09863,55.946,15.1115,6.23740804,3.3499,0.52254
FedEx Corporation,NYSE:FDX,72.4543289,2.284796395,41505.61196,64.3524,0.8215,3.188717269,1.5548,1.4775
"Fidelity National Information Services, Inc.",NYSE:FIS,67.08551794,1.691167798,83278.34133,29.6559,8.21,3.641263908,1.8305,0.8155
Fifth Third Bancorp,NasdaqGS:FITB,10.9231384,1.110411665,21531.30883,0,26.3481,10.38474466,1.4285,1.15825
First Republic Bank,NYSE:FRC,27.02702703,2.230213059,18945.24729,0,21.7217,8.349168734,0.8839,0.99399
FirstEnergy Corp.,NYSE:FE,26.17250307,3.567899308,25945.76817,74.3229,8.9088,13.55030062,3.4466,0.38061
"Fiserv, Inc.",NasdaqGS:FISV,57.74472609,2.388395495,77922.76607,40.6792,11.3886,7.288078242,2.4037,0.77083
"FleetCor Technologies, Inc.",NYSE:FLT,39.88450261,6.74223145,26299.90593,53.9406,25.3891,17.00567312,6.4602,0.92379
"FLIR Systems, Inc.",NasdaqGS:FLIR,38.51486674,3.766891819,7043.03618,29.5817,10.0143,9.723643954,6.541,0.83599
Flowserve Corporation,NYSE:FLS,27.64448572,3.614148093,6310.07634,46.5588,5.9156,13.14705902,5.6772,1.65406
FMC Corporation,NYSE:FMC,19.7676571,4.807000754,12734.70499,58.5459,13.2109,23.87994875,7.8185,1.20844
Ford Motor Company,NYSE:F,18.1445188,1.021817085,36120.21162,81.3259,1.2629,5.590247797,0.7764,0.73157
"Fortinet, Inc.",NasdaqGS:FTNT,81.8968229,14.86102926,17811.45327,3.3494,10.5976,18.74030544,6.1597,0.99916
Fortive Corporation,NYSE:FTV,41.85205241,3.519083883,25175.2396,46.5271,8.4892,8.487804624,4.5174,1.08039
"Fortune Brands Home & Security, Inc.",NYSE:FBHS,22.52847176,3.882458509,9067.09284,51.8999,7.0982,17.25731105,7.4215,1.30108
Fox Corporation,NasdaqGS:FOXA,16.57582661,2.174676565,22212.38764,41.1143,11.7694,13.36046472,9.1008,0
"Franklin Resources, Inc.",NYSE:BEN,12.26051104,1.306912828,12914.96337,5.7748,18.4444,10.70828491,6.8881,1.17233
Freeport-McMoRan Inc.,NYSE:FCX,120.3486737,1.972771452,18629.73178,36.7103,1.0917,1.616532297,0.8418,1.45739
Garmin Ltd.,NasdaqGS:GRMN,31.789102,4.234787484,18552.15177,1.2686,16.2259,13.68047591,10.2724,0.7743
"Gartner, Inc.",NYSE:IT,81.62013206,15.27335491,14042.3266,77.2281,4.1933,18.34272659,3.7312,1.27731
General Dynamics Corporation,NYSE:GD,20.14692975,3.828961791,51740.76165,53.2664,6.6101,19.44800004,5.9934,1.16132
General Electric Company,NYSE:GE,42.50455268,3.430376184,95807.03253,76.7823,1.8731,7.06977738,1.5297,1.04579
"General Mills, Inc.",NYSE:GIS,19.58186381,4.220548622,31174.63061,64.1162,9.4598,22.00417266,6.2228,0.62148
General Motors Company,NYSE:GM,9.629941357,1.107330281,50350.35013,68.5072,3.5884,11.72756647,1.9483,1.01812
Genuine Parts Company,NYSE:GPC,22.55385341,4.158708275,15146.80724,55.223,3.4985,18.43032413,5.2179,0.91406
"Gilead Sciences, Inc.",NasdaqGS:GILD,28.55698336,4.164700446,85751.56958,54.9569,13.5283,13.91065532,5.2227,1.11967
Global Payments Inc.,NYSE:GPN,72.27855682,1.893539351,52592.89767,26.5888,10.3363,4.107481808,1.9871,1.17557
Globe Life Inc.,NYSE:GL,20.21894053,1.555511395,11358.36482,17.8093,12.8112,8.056872774,2.5393,0.95134
"H&R Block, Inc.",NYSE:HRB,14.66783907,-59.33601402,4494.56352,103.708,10.1923,296.3630184,14.4103,0.71447
Halliburton Company,NYSE:HAL,23.52822784,2.101680715,20523.0668,53.9636,3.7489,9.032343096,4.851,1.44574
Hanesbrands Inc.,NYSE:HBI,11.84086759,4.403162752,5418.22296,77.92,6.6024,38.68181394,7.8118,1.13004
"Harley-Davidson, Inc.",NYSE:HOG,15.85352474,3.118150257,5725.60744,80.2664,6.9365,19.43395337,3.6999,1.3102
"Hasbro, Inc.",NasdaqGS:HAS,36.59172357,6.883549572,13735.15754,50.1037,7.4069,19.46967102,6.837,0.77884
"HCA Healthcare, Inc.",NYSE:HCA,18.07022704,-13.59544281,48343.0831,104.1829,5.3926,-72.00239535,10.8549,1.10787
"Healthpeak Properties, Inc.",NYSE:PEAK,158.025044,2.768183983,16427.50703,50.8817,5.2869,1.727373102,1.8428,0.23844
"Helmerich & Payne, Inc.",NYSE:HP,35.62556749,1.124048282,4510.29376,10.6723,4.556,3.137349963,2.2949,1.23314
"Henry Schein, Inc.",NasdaqGS:HSIC,19.25322025,3.571694399,10139.7443,26.3517,3.9497,18.65751035,7.5066,0.91373
Hess Corporation,NYSE:HES,-552.8630407,2.107064172,18769.72661,42.1465,-0.5288,-0.372895373,1.7257,1.50684
Hewlett Packard Enterprise Company,NYSE:HPE,12.46563506,1.201063475,20535.78,44.6252,5.9121,9.573166559,3.3936,1.31509
Hilton Worldwide Holdings Inc.,NYSE:HLT,41.42304015,-143.9701436,29824.62604,102.2774,19.6651,-608.6682728,6.8084,0.97046
HollyFrontier Corporation,NYSE:HFC,11.16397223,1.33714638,8026.20913,30.8868,4.348,12.13222835,7.8134,1.11336
"Hologic, Inc.",NasdaqGS:HOLX,50.66754002,6.655119318,13930.86862,59.5112,8.3059,12.81371945,5.3161,0.98397
Honeywell International Inc.,NYSE:HON,27.36656835,6.94489108,125765.0412,51.3405,12.6417,25.63388522,7.7101,1.00032
Hormel Foods Corporation,NYSE:HRL,32.67355135,4.112384723,24362.60601,4.0482,7.8487,12.61339413,8.7728,0.37149
"Host Hotels & Resorts, Inc.",NYSE:HST,31.89386519,1.716007059,12844.65977,39.5632,7.499,5.43458537,4.093,0.84911
HP Inc.,NYSE:HPQ,17.17248637,-24.83081149,29742.00674,130.2484,3.0135,-148.7435331,7.8114,1.34941
Humana Inc.,NYSE:HUM,22.33773268,3.935682559,45657.8518,36.8893,3.3221,17.59097666,7.4245,0.97346
Huntington Bancshares Incorporated,NasdaqGS:HBAN,14.51959334,1.467234653,15708.2067,0,24.6122,10.2450529,1.3321,1.14406
"Huntington Ingalls Industries, Inc.",NYSE:HII,23.23285965,6.101665081,10378.05659,50.751,5.2527,26.99723047,7.1826,1.26875
IDEX Corporation,NYSE:IEX,35.12007265,5.763951138,12471.53639,29.7573,14.1185,16.58710929,10.3993,1.03354
"IDEXX Laboratories, Inc.",NasdaqGS:IDXX,66.3793629,106.2683249,21484.24516,83.2461,13.8422,173.6465683,20.9557,1.0884
IHS Markit Ltd.,NYSE:INFO,70.44543707,3.586250418,29532.76959,37.9785,9.5555,5.044869854,3.5939,0.92831
Illinois Tool Works Inc.,NYSE:ITW,28.21914792,19.16625127,56847.0962,72.4898,14.3723,66.73580459,14.2425,1.08995
"Illumina, Inc.",NasdaqGS:ILMN,77.97119709,10.61585679,47123.79,29.6513,17.4775,13.82733945,8.2502,1.46709
Incyte Corporation,NasdaqGS:INCY,70.88825001,8.439707611,20447.66474,2.9747,13.6105,12.33864355,8.99,1.18944
Ingersoll-Rand Plc,NYSE:IR,27.84989824,4.403282549,31765.75998,45.7399,7.0924,15.98778277,6.8208,0.90537
Intel Corporation,NasdaqGS:INTC,18.85010091,3.343854532,248254.5,28.4221,19.2391,17.81699617,10.3765,1.13084
"Intercontinental Exchange, Inc.",NYSE:ICE,33.0457507,3.001513926,51402.77836,32.1151,30.2547,9.119445011,1.8834,0.76271
Apple Inc.,NasdaqGS:AAPL,30.41894722,13.29562875,1203102.864,54.4221,15.799,42.74208612,11.3473,1.11336
International Flavors & Fragrances Inc.,NYSE:IFF,37.67667065,2.372203153,14365.67291,43.1803,7.8574,6.222409254,4.3827,0.79568
International Paper Company,NYSE:IP,14.12746535,2.433433629,18107.93872,59.1295,5.6956,17.21696293,4.2238,1.17018
Intuit Inc.,NasdaqGS:INTU,54.71626392,18.05214555,65571.24035,17.5816,17.2814,32.46274761,21.0827,1.15857
"Intuitive Surgical, Inc.",NasdaqGS:ISRG,73.79575885,8.561048577,66430.49494,0.9803,21.1122,11.96392083,9.9423,1.46301
Invesco Ltd.,NYSE:IVZ,8.283650817,0.811177446,7757.04632,15.6686,15.6358,9.779412183,2.3634,1.29379
IPG Photonics Corporation,NasdaqGS:IPGP,33.96199608,3.08930553,7357.6309,2.8206,16.1911,9.134755779,7.8508,1.56036
IQVIA Holdings Inc.,NYSE:IQV,127.3202036,4.551453671,27910.36421,65.4714,2.0425,3.480560772,2.4482,1.13784
Iron Mountain Incorporated,NYSE:IRM,40.38568515,6.208972697,9380.97507,86.8755,5.4644,14.65903407,3.803,0.61343
"J.B. Hunt Transport Services, Inc.",NasdaqGS:JBHT,31.03157203,5.412152491,11871.7125,39.2162,4.2906,17.69071545,8.3039,0.85869
"Jack Henry & Associates, Inc.",NasdaqGS:JKHY,49.53608844,7.58206436,11197.39701,4.7862,14.1752,15.56308975,10.6334,0.82577
Jacobs Engineering Group Inc.,NYSE:J,30.25702499,2.048290262,11737.9385,19.5423,3.152,6.645837007,3.9502,1.13317
Johnson & Johnson,NYSE:JNJ,28.51992936,6.371977401,371041.3708,34.1664,16.0728,21.90574548,8.5677,0.75607
Johnson Controls International plc,NYSE:JCI,56.69671903,1.679896012,32939.6238,25.738,2.7343,2.952910771,2.5127,1.02148
JPMorgan Chase & Co.,NYSE:JPM,16.40494716,1.783122213,420790.0863,0,24.8785,10.9686573,1.3002,1.10356
"Juniper Networks, Inc.",NYSE:JNPR,26.58649747,1.763615316,8036.31627,28.9468,7.0629,6.70415074,3.5384,0.95602
Kansas City Southern,NYSE:KSU,26.81333431,3.123015291,15206.93026,35.1865,20.2605,11.746524,6.6969,0.93465
Kellogg Company,NYSE:K,31.08275107,8.274066087,22563.37988,71.7986,5.343,26.9970037,5.486,0.46685
KeyCorp,NYSE:KEY,15.01363834,1.27660155,19354.42488,0,21.9292,8.606444592,1.2077,1.25222
"Keysight Technologies, Inc.",NYSE:KEYS,43.43308133,6.443909463,19365.54787,37.3121,10.3851,15.00120225,7.1402,1.18566
Kimberly-Clark Corporation,NYSE:KMB,25.58275995,-333.1629797,46930.0865,98.938,9.9987,-1153.251511,13.4766,0.53076
Kimco Realty Corporation,NYSE:KIM,37.28231104,1.794229524,8795.10329,51.9518,20.4378,4.626743123,2.5121,0.69111
"Kinder Morgan, Inc.",NYSE:KMI,23.02230428,1.360305085,45752.30183,51.3515,14.5365,5.905055145,3.2284,0.83708
KLA Corporation,NasdaqGS:KLAC,33.77956369,9.928429993,26370.616,56.8371,15.8793,29.53071051,11.3784,1.27302
Kohl's Corporation,NYSE:KSS,11.53885231,1.398487405,7468.28888,53.264,3.287,12.12239577,5.3002,0.97999
"L Brands, Inc.",NYSE:LB,7.70364565,-3.844444444,4783.01193,115.6609,4.7333,-56.99409804,9.1215,1.089
"L3Harris Technologies, Inc.",NYSE:LHX,30.63795105,1.931097905,43876.91153,25.6912,9.6388,9.879276149,4.3154,0.62775
Laboratory Corporation of America Holdings,NYSE:LH,22.30419879,2.255079958,16256.482,50.6365,6.5001,10.19225773,5.1696,0.80413
Lam Research Corporation,NasdaqGS:LRCX,27.72403213,8.082313995,39954.72576,47.9156,15.6754,29.90500868,12.9309,1.63828
"Lamb Weston Holdings, Inc.",NYSE:LW,32.11784409,133.5295607,12324.77248,96.3113,10.0424,875.1061739,14.0923,0.32679
Las Vegas Sands Corp.,NYSE:LVS,35.76698987,9.37772275,50257.58181,65.3125,10.3329,25.77036652,10.0839,1.24851
"Leggett & Platt, Incorporated",NYSE:LEG,27.38714425,5.404702668,6784.12403,65.7024,5.4403,19.8539855,7.128,1.03587
"Leidos Holdings, Inc.",NYSE:LDOS,30.2928617,3.999777597,13035.1971,52.1354,4.0859,13.11677588,5.6297,1.00576
Lennar Corporation,NYSE:LEN,12.73608244,1.233950584,18508.18256,39.9341,6.9293,9.824650653,5.208,0.53484
Lincoln National Corporation,NYSE:LNC,17.71304922,0.572301878,11445.6591,27.3951,3.8121,3.380476141,0.2755,1.5468
Linde plc,NYSE:LIN,57.52827597,2.259410521,110257.3728,21.624,6.9008,3.876622295,3.5425,0.87828
LKQ Corporation,NasdaqGS:LKQ,23.73637166,2.274915637,10962.13104,51.7914,3.7723,9.612764372,5.0804,1.15122
Lockheed Martin Corporation,NYSE:LMT,25.51746464,27.87913172,108947.2645,78.7991,7.3281,126.4189591,10.7813,0.79368
Loews Corporation,NYSE:L,32.26910067,0.77025304,14868.97541,35.3847,3.3189,2.394578887,0.9249,0.94552
"Lowe's Companies, Inc.",NYSE:LOW,25.83180566,36.76277605,90183.49909,90.0666,4.99,137.9718231,10.4524,1.101
LyondellBasell Industries N.V.,NYSE:LYB,12.70139328,3.853971751,30400.39893,63.4898,7.4119,27.29347229,9.1077,1.22019
M&T Bank Corporation,NYSE:MTB,13.31607353,1.515246416,21966.25188,0,28.4621,11.48844499,1.636,0.96761
"Macy's, Inc.",NYSE:M,7.220249811,0.800941131,4850.75516,55.3285,2.6425,10.86012897,3.6939,0.97051
Marathon Oil Corporation,NYSE:MRO,22.00083746,0.823128541,10087.0989,31.8504,9.2314,3.774439754,2.5414,1.39992
Marathon Petroleum Corporation,NYSE:MPC,16.87498153,1.100287412,37082.7628,41.8431,1.8053,6.524995178,5.0497,1.17882
MarketAxess Holdings Inc.,NasdaqGS:MKTX,88.20458801,20.4948215,14289.96459,11.699,32.0245,23.78850284,20.2954,0.50739
"Marriott International, Inc.",NasdaqGS:MAR,40.68377238,55.68602057,46670.28801,93.3576,22.2851,111.1383159,5.7302,0.85709
"Marsh & McLennan Companies, Inc.",NYSE:MMC,32.18841016,7.221731068,54993.6979,65.5959,10.6397,21.8340969,7.7092,0.82055
"Martin Marietta Materials, Inc.",NYSE:MLM,38.2744915,3.209065495,17014.5201,39.206,10.2239,8.546878008,5.34,0.71193
Masco Corporation,NYSE:MAS,20.52937664,-92.22394405,12849.056,99.283,7.8439,-553.0377146,14.4654,1.07243
Mastercard Incorporated,NYSE:MA,51.69918401,59.19387755,292620.9142,61.946,35.2628,114.151717,23.5269,1.14393
"Maxim Integrated Products, Inc.",NasdaqGS:MXIM,36.92503987,8.801903936,15662.86605,37.2201,19.3945,23.45915974,10.2642,1.21591
"McCormick & Company, Incorporated",NYSE:MKC,41.79780785,6.538880378,22680.10321,57.2407,9.9372,15.84504207,5.9714,0.52003
McDonald's Corporation,NYSE:MCD,30.14647483,-17.05301305,146642.3324,123.3445,23.595,-63.37447833,13.7325,0.5582
McKesson Corporation,NYSE:MCK,40.28075144,3.985149093,25831.73734,56.1349,0.3022,9.060896443,3.0716,1.09017
Medtronic plc,NYSE:MDT,38.61134632,2.960709383,149746.9755,34.4343,12.5639,7.685516051,4.8715,0.85223
"Merck & Co., Inc.",NYSE:MRK,26.14882319,8.457338818,226541.669,50.1721,19.12,31.97039748,10.7799,0.72549
"MetLife, Inc.",NYSE:MET,7.982983512,0.660297999,45144.69841,59.1186,8.6033,8.629121082,0.898,1.31542
Mettler-Toledo International Inc.,NYSE:MTD,44.35625107,42.35997897,18566.42513,74.2555,14.2627,89.3281411,17.2742,1.34995
MGM Resorts International,NYSE:MGM,72.9888846,2.722815515,16536.14777,59.3761,1.8863,3.638574196,3.0145,1.25168
Microchip Technology Incorporated,NasdaqGS:MCHP,91.12505274,4.424514706,23742.42814,64.9958,4.8264,4.881294193,3.2104,1.27084
"Micron Technology, Inc.",NasdaqGS:MU,11.88267845,1.518395987,54590.01082,13.6964,19.7305,12.86680447,10.0121,1.7182
Microsoft Corporation,NasdaqGS:MSFT,40.61014263,10.9189793,1157289.812,44.6535,22.0517,27.38454275,10.6439,1.0719
"Mid-America Apartment Communities, Inc.",NYSE:MAA,94.69617949,2.495765503,15015.62968,42.0185,9.7496,2.627640343,2.3275,0.44081
"Mohawk Industries, Inc.",NYSE:MHK,16.75875583,1.265543231,9788.61086,28.5179,5.931,7.551410402,4.622,1.03813
Molson Coors Brewing Company,NYSE:TAP,16.78277183,0.840885472,11094.77828,41.6926,6.2802,4.873955679,2.861,1.20696
"Mondelez International, Inc.",NasdaqGS:MDLZ,31.058333,2.898443236,77649.72833,43.1009,9.7777,9.463949694,3.9598,0.73784
Monster Beverage Corporation,NasdaqGS:MNST,38.45798451,8.215500622,33567.46753,0.5696,21.5536,21.57743802,17.5272,1.12599
Moody's Corporation,NYSE:MCO,39.91478002,93.15728304,44026.13226,89.2255,23.8483,267.5135618,13.7767,1.1819
Morgan Stanley,NYSE:MS,12.47068318,1.086978264,80039.66591,78.9087,16.6555,8.848780428,0.9602,1.34199
"Motorola Solutions, Inc.",NYSE:MSI,29.83192115,-25.12658031,27718.74229,120.6005,11.5148,-88.08063779,11.2031,0.80776
MSCI Inc.,NYSE:MSCI,57.90610769,-149.4079027,22090.80894,105.6548,24.8957,-200.9485968,12.5922,1.10102
Mylan N.V.,NasdaqGS:MYL,15.26500734,0.84692343,9708.4527,53.6572,5.5763,5.442300957,3.0923,1.61153
"Nasdaq, Inc.",NasdaqGS:NDAQ,26.3891182,3.196348858,17029.1361,42.0474,14.9867,11.91793777,5.0206,0.86052
"National Oilwell Varco, Inc.",NYSE:NOV,-23.75141856,1.132599371,9124.92961,28.6867,-4.4133,-4.666383765,-1.6888,1.26829
"NetApp, Inc.",NasdaqGS:NTAP,22.78421106,25.91632096,13844.20166,76.9957,11.2048,89.46902372,7.8558,1.50948
"Netflix, Inc.",NasdaqGS:NFLX,102.9064984,19.09296748,131006.4578,66.3666,6.7291,19.62656509,5.4354,1.69686
Newell Brands Inc.,NasdaqGS:NWL,68.4596577,1.947899818,8061.536,62.7193,1.4405,2.585833792,1.7297,0.95708
Newmont Goldcorp Corporation,NYSE:NEM,34.08219726,1.565002114,33531.05829,25.1755,9.0366,4.825582132,3.1391,0.22121
News Corporation,NasdaqGS:NWSA,36.36711386,0.898314328,7876.58226,22.6428,2.1663,2.404523518,1.7796,1.00375
"NextEra Energy, Inc.",NYSE:NEE,55.01769909,3.149420347,115243.5824,50.9429,10.8051,5.801842375,3.1622,0.26668
Nielsen Holdings plc,NYSE:NLSN,18.93818799,3.241092362,6984.55542,79.3106,5.6999,14.91618255,4.0835,0.99129
"NIKE, Inc.",NYSE:NKE,47.99604889,16.47833636,151703.0657,42.5753,7.9904,34.72165656,12.7765,0.79794
NiSource Inc.,NYSE:NI,-284.8818731,2.021129788,10044.59095,62.3013,-0.6672,-0.700273202,0.9064,0.18751
"Noble Energy, Inc.",NYSE:NBL,91.07069037,1.170247351,10536.90507,43.367,2.5394,1.283399082,1.8431,1.29251
"Nordstrom, Inc.",NYSE:JWN,13.4269729,7.081566589,6028.48048,84.9726,2.9452,55.70426815,5.4434,0.80146
Norfolk Southern Corporation,NYSE:NSC,22.32204941,3.268487764,49805.2201,45.4128,19.7954,14.68174015,7.0558,1.07328
Northern Trust Corporation,NasdaqGS:NTRS,19.24286521,2.311016764,22946.77901,0,20.2591,12.09792118,1.1926,1.35238
Northrop Grumman Corporation,NYSE:NOC,26.75309451,6.045417169,58769.05909,61.9362,6.6658,23.25409586,6.3968,0.77524
NortonLifeLock Inc.,NasdaqGS:NLOK,51.97415084,2.688931043,16441.25269,43.1388,6.6894,5.541199269,2.8378,1.12428
Norwegian Cruise Line Holdings Ltd.,NYSE:NCLH,20.37409501,1.879180337,11788.89474,50.9433,9.2615,9.3739035,4.7568,1.08628
"NRG Energy, Inc.",NYSE:NRG,21.66760381,-6.242691864,9792.04977,130.3065,5.0751,-28.49351879,7.0791,0.66374
Nucor Corporation,NYSE:NUE,12.34352899,1.686553019,17622.87132,29.0983,6.0772,13.75982938,8.9042,1.26038
NVIDIA Corporation,NasdaqGS:NVDA,93.41970092,11.86125163,133012.08,18.5147,14.137,13.18288218,9.1203,1.86787
"NVR, Inc.",NYSE:NVR,21.91985644,5.985226828,14181.11929,22.5401,8.5427,28.63486879,18.7392,0.43683
Occidental Petroleum Corporation,NYSE:OXY,15.63912531,1.274228242,33535.13782,55.2786,9.848,8.278902644,2.3606,0.87054
"Old Dominion Freight Line, Inc.",NasdaqGS:ODFL,27.97533591,5.098603197,14823.22785,3.7562,12.9851,18.60885559,14.478,1.22164
Omnicom Group Inc.,NYSE:OMC,16.22478675,7.143160097,17601.45771,67.9418,7.4047,44.49198988,5.637,0.70172
"ONEOK, Inc.",NYSE:OKE,29.47625738,4.821618706,29985.81474,67.3136,9.5616,16.18721658,6.0343,0.9212
Oracle Corporation,NYSE:ORCL,24.83494092,10.06877018,184838.5411,74.9073,20.0017,37.54629388,7.4998,1.10066
"O'Reilly Automotive, Inc.",NasdaqGS:ORLY,31.09379676,202.5786464,33641.72855,97.1443,11.1762,700.7313434,13.1289,0.72233
PACCAR Inc,NasdaqGS:PCAR,14.30403992,2.824533327,28154.11251,52.3039,7.6754,20.09614593,7.3036,1.20695
Packaging Corporation of America,NYSE:PKG,16.17085796,3.453214607,10479.23978,47.4656,9.2541,21.76062939,10.2703,1.18479
Parker-Hannifin Corporation,NYSE:PH,21.69266724,4.347888385,26507.40826,60.2229,8.6576,20.26812521,7.3276,1.42508
"Paychex, Inc.",NasdaqGS:PAYX,34.70600591,11.97166691,30163.95681,28.0836,22.346,33.88924247,11.1979,0.86164
"PayPal Holdings, Inc.",NasdaqGS:PYPL,68.49786411,7.514941207,123889.0453,24.9408,10.6165,11.1007455,3.4447,1.21167
Pentair plc,NYSE:PNR,28.56945517,4.092587829,7648.23141,39.1329,9.2268,14.56560678,7.1705,1.12945
"People's United Financial, Inc.",NasdaqGS:PBCT,15.88203567,0.940010888,7316.36125,0,22.9251,5.952752592,1.0727,1.10201
"PepsiCo, Inc.",NasdaqGS:PEP,32.37896855,13.54601198,191177.0848,70.533,8.9948,42.14443189,8.988,0.58702
"PerkinElmer, Inc.",NYSE:PKI,52.08195273,3.87069395,10477.91749,47.4922,7.0764,7.431096768,3.93,1.33453
Perrigo Company plc,NYSE:PRGO,43.5687335,1.271712885,7324.0572,37.8013,3.5643,2.926078527,2.1861,1.58437
Pfizer Inc.,NYSE:PFE,21.16220481,3.248030743,211514.1568,45.2183,19.1828,16.07255767,5.9443,0.98426
Philip Morris International Inc.,NYSE:PM,22.26970386,-11.98902843,132000.4029,139.1691,20.0293,-53.3768793,16.5671,0.84208
Phillips 66,NYSE:PSX,12.81175928,2.005928582,49861.3636,32.7825,3.7186,15.76343792,5.3064,1.01488
Pinnacle West Capital Corporation,NYSE:PNW,26.95463709,1.728687862,9604.3808,49.5083,10.0126,6.602142874,2.6233,0.12851
Pioneer Natural Resources Company,NYSE:PXD,16.81358025,1.902746051,22559.40051,18.0423,14.7946,11.35745652,7.8942,1.19742
"PPG Industries, Inc.",NYSE:PPG,27.70890052,5.96273012,31286.44745,53.9513,7.4922,21.86154614,6.5227,0.95234
PPL Corporation,NYSE:PPL,18.07309539,2.04882217,24409.59553,66.0282,17.3781,11.29420144,4.4434,0.49432
"Principal Financial Group, Inc.",NasdaqGS:PFG,15.80691464,1.005022861,14861.00191,21.3461,5.9412,6.534622337,0.3697,1.41735
"Prologis, Inc.",NYSE:PLD,104.1364675,2.527167757,56730.6112,31.4367,15.1808,2.435577915,2.0321,0.75182
"Prudential Financial, Inc.",NYSE:PRU,12.51859096,0.559434532,37152.84,35.4426,4.6806,4.64006269,0.4762,1.38227
Public Service Enterprise Group Incorporated,NYSE:PEG,23.14726539,1.967710236,29468.68112,51.9942,12.6043,8.549811834,3.3763,0.40667
Public Storage,NYSE:PSA,35.62047363,7.309579059,36668.92972,17.2527,35.9957,20.4676492,8.3932,0.09805
"PulteGroup, Inc.",NYSE:PHM,13.43050185,2.128926892,11032.40597,37.3512,8.2216,16.14051249,8.1462,0.48678
PVH Corp.,NYSE:PVH,13.89815433,1.255369306,7478.22749,45.7889,5.6373,9.189277183,4.7354,1.32732
"Qorvo, Inc.",NasdaqGS:QRVO,54.13528114,3.103722231,13225.26307,20.3556,8.1912,5.725748757,4.6891,0.81237
QUALCOMM Incorporated,NasdaqGS:QCOM,21.90593467,20.28997,99329.08463,76.4465,19.7956,90.53389205,15.3806,0.94908
"Quanta Services, Inc.",NYSE:PWR,15.18472609,1.463380168,5718.80996,35.776,3.2036,9.79975731,4.916,1.32266
Quest Diagnostics Incorporated,NYSE:DGX,22.4569484,2.522488759,14106.82582,44.3256,8.2569,11.38077758,6.504,0.7449
Ralph Lauren Corporation,NYSE:RL,18.79201184,2.858181651,8329.43007,49.2457,7.3244,15.2154761,6.7823,0.93142
"Raymond James Financial, Inc.",NYSE:RJF,14.49844596,1.871056497,12392.14614,32.7154,11.2927,13.06799105,2.7123,1.38385
Raytheon Company,NYSE:RTN,25.14597874,4.671166559,60658.29578,29.6469,8.4904,19.15001897,7.9367,0.93243
Realty Income Corporation,NYSE:O,86.07834538,2.61544078,24307.0479,43.5382,18.5838,3.078576142,2.7684,0.35063
Regency Centers Corporation,NasdaqGS:REG,64.16756286,1.671873983,10497.87852,39.3501,13.9177,2.597561881,2.342,0.5526
"Regeneron Pharmaceuticals, Inc.",NasdaqGS:REGN,27.86449766,3.884829819,40835.47024,6.5644,19.1623,14.46081529,11.377,1.10477
Regions Financial Corporation,NYSE:RF,13.57933103,1.063564393,16244.52229,0,22.9505,7.981893154,1.2654,1.25126
"Republic Services, Inc.",NYSE:RSG,35.71859393,3.556986056,28349.62566,52.8306,7.815,9.994889904,4.9306,0.58767
ResMed Inc.,NYSE:RMD,57.31501548,10.21815434,21636.93579,38.1434,13.945,18.0127019,11.4744,0.89937
Robert Half International Inc.,NYSE:RHI,18.17508858,6.245775203,6944.23677,19.6629,6.5031,34.62395863,17.8603,1.2061
"Rockwell Automation, Inc.",NYSE:ROK,30.305696,58.18200554,23486.07143,84.8107,11.8515,100.2727716,13.8515,1.22014
"Rollins, Inc.",NYSE:ROL,56.58112723,13.58222583,10959.47457,39.3562,9.9123,24.84767911,13.5642,0.96772
"Roper Technologies, Inc.",NYSE:ROP,44.99573039,4.209275995,36078.96826,43.0682,14.9334,9.474095965,5.5361,0.95164
"Ross Stores, Inc.",NasdaqGS:ROST,31.3022101,12.5084951,41217.63698,51.4577,8.4244,40.13577425,16.7756,0.98097
Royal Caribbean Cruises Ltd.,NYSE:RCL,21.21692812,2.158219242,25851.71564,47.7996,11.303,10.35968664,4.7227,1.09435
S&P Global Inc.,NYSE:SPGI,40.87950647,192.235698,66513.46,64.4082,25.2557,381.0220691,19.4675,0.90508
"salesforce.com, inc.",NYSE:CRM,323.7284978,4.163632709,138717.93,16.3255,2.4329,1.621960817,1.0829,1.38695
SBA Communications Corporation,NasdaqGS:SBAC,210.6744585,-7.456701037,26547.93966,140.4536,6.3777,-3.660439245,4.6188,0.61033
Schlumberger Limited,NYSE:SLB,39.70798089,2.223081608,53160.54785,40.6658,4.075,4.477484097,2.7814,1.32238
Seagate Technology plc,NasdaqGS:STX,23.26001517,8.596872839,15221.48206,70.4062,6.9096,33.72120177,8.3874,1.36965
Sealed Air Corporation,NYSE:SEE,18.88337142,-19.68944036,5987.48504,108.2387,6.6754,-98.28368628,8.0808,0.77162
Sempra Energy,NYSE:SRE,31.25663129,2.564059256,41937.6584,56.6973,10.658,8.392186056,2.7058,0.31163
"ServiceNow, Inc.",NYSE:NOW,2192.960866,35.2590611,50401.87443,44.0257,0.6963,1.703867565,0.2232,1.21797
"Simon Property Group, Inc.",NYSE:SPG,37.63553581,16.96513164,44618.74678,89.1464,21.0497,43.13953852,5.4359,0.47802
"Skyworks Solutions, Inc.",NasdaqGS:SWKS,31.4490927,4.509673578,18620.31916,0,17.8552,14.44161211,12.3558,0.95797
SL Green Realty Corp.,NYSE:SLG,66.94682689,1.334141796,7172.27292,49.4136,9.1531,1.982484028,1.8301,0.82619
Snap-on Incorporated,NYSE:SNA,16.81622894,2.783650832,9196.6358,27.2751,13.5931,16.64742116,10.9485,0.98225
Southwest Airlines Co.,NYSE:LUV,15.17838822,2.861636687,28418.9108,30.7268,8.6711,19.04404278,7.2916,1.07512
"Stanley Black & Decker, Inc.",NYSE:SWK,25.90347268,3.229312338,24259.5638,41.6898,6.3493,12.48422236,5.0056,1.3128
Starbucks Corporation,NasdaqGS:SBUX,42.4496159,-16.45878556,102262.79,224.4582,9.397,-46.13893501,11.2841,0.73718
State Street Corporation,NYSE:STT,16.38873518,1.321237228,28431.70465,0,15.448,8.114233584,0.8863,1.30376
Stryker Corporation,NYSE:SYK,36.87904686,6.018443224,74123.712,41.6212,13.7981,16.56393581,8.6961,1.03787
SVB Financial Group,NasdaqGS:SIVB,12.8409417,2.095428191,12346.41295,0,31.7681,16.79925912,1.8751,1.82287
Synchrony Financial,NYSE:SYF,7.876787865,1.605609691,23999.59877,0,35.357,20.88260995,3.6097,1.12438
"Synopsys, Inc.",NasdaqGS:SNPS,53.43777057,4.863007016,19855.71848,3.2581,11.0225,9.27096104,5.651,1.13158
Sysco Corporation,NYSE:SYY,29.36955389,17.2483762,42287.59967,78.9838,2.4143,58.27729092,8.9174,0.62282
"T. Rowe Price Group, Inc.",NasdaqGS:TROW,17.58416529,4.241573043,28884.85526,1.8098,30.5102,24.63201961,16.2716,1.38587
"Take-Two Interactive Software, Inc.",NasdaqGS:TTWO,81.07034044,6.018444763,13130.8201,6.0728,5.352,7.583885875,3.539,0.72812
"Tapestry, Inc.",NYSE:TPR,14.83217583,2.307732871,7124.65835,55.8029,8.3592,14.85407542,7.0792,0.93921
Target Corporation,NYSE:TGT,24.76163482,5.521009019,63747.52982,54.9146,3.3635,22.12112794,6.6542,0.71557
TE Connectivity Ltd.,NYSE:TEL,22.76342896,2.953032049,31156.31197,27.2789,10.2849,12.96639537,7.0515,1.13572
TechnipFMC plc,NYSE:FTI,81.57928038,0.857922453,8646.23259,32.4234,0.8192,1.037763662,2.3401,1.42944
Teleflex Incorporated,NYSE:TFX,59.99218772,5.754995636,16424.86472,42.6719,10.6696,9.913248162,5.2291,1.09892
Texas Instruments Incorporated,NasdaqGS:TXN,31.22460414,12.87703741,115650.4176,40.6225,25.2711,42.40441439,20.3336,1.10607
Textron Inc.,NYSE:TXT,15.20766508,1.839862088,10032.14791,44.9793,5.0721,12.27646091,5.1587,1.28291
The AES Corporation,NYSE:AES,20.25709695,3.998156323,12554.21013,78.6732,5.967,19.52422384,4.2158,0.68214
The Allstate Corporation,NYSE:ALL,17.36395541,1.542652027,35502.35075,21.5297,4.933,9.057541909,1.9607,0.71632
The Bank of New York Mellon Corporation,NYSE:BK,16.0099629,1.224101348,45999.27999,0,19.0006,7.687987476,1.0756,1.11668
The Boeing Company,NYSE:BA,80.86876155,-47.85617987,196976.9316,117.2571,2.8236,-51.61133374,2.191,0.97365
The Charles Schwab Corporation,NYSE:SCHW,21.28006453,3.444372687,63715.13556,30.9312,28.6651,16.32272041,1.3743,1.30369
The Clorox Company,NYSE:CLX,30.54340886,34.71203364,19092.84259,84.9232,10.2931,112.8122661,13.1635,0.52233
The Coca-Cola Company,NYSE:KO,36.41432004,12.35087944,231148.3098,67.9273,18.8516,34.37103438,6.7595,0.55441
"The Cooper Companies, Inc.",NYSE:COO,50.42005754,4.225988701,15203.23533,33.4806,11.4617,8.363175053,5.6095,0.94544
The Estée Lauder Companies Inc.,NYSE:EL,42.62819481,15.81038998,71444.57908,57.2179,11.073,37.70860681,12.1183,0.78023
"The Gap, Inc.",NYSE:GPS,7.536002237,1.659716114,6036.25112,68.309,4.9595,22.1393457,7.503,0.6182
"The Goldman Sachs Group, Inc.",NYSE:GS,11.43207711,0.978571977,78320.51348,82.9807,21.5673,8.655737139,0.9251,1.31075
"The Hartford Financial Services Group, Inc.",NYSE:HIG,15.94643339,1.396789585,21956.86145,24.1675,6.8857,8.991051171,2.3359,0.70824
The Hershey Company,NYSE:HSY,30.8827047,17.87336014,31290.15493,72.8994,12.8633,59.25312309,13.5322,0.37147
"The Home Depot, Inc.",NYSE:HD,24.95717843,-213.5675861,231256.1762,103.1852,8.4306,-828.3123278,20.5942,0.99694
"The Interpublic Group of Companies, Inc.",NYSE:IPG,15.00234722,3.55559595,8797.64135,66.3924,6.7705,23.90339578,4.7258,1.14029
The J. M. Smucker Company,NYSE:SJM,19.30553322,1.471379533,11910.9087,42.6682,8.0589,7.662671503,4.3467,0.43617
The Kraft Heinz Company,NasdaqGS:KHC,13.39556336,0.746687813,38588.67641,37.6567,11.3586,5.578879818,2.9414,0.88323
The Kroger Co.,NYSE:KR,19.75702108,2.574707405,22461.43157,70.4075,0.9371,13.04456,3.2666,0.61396
The Macerich Company,NYSE:MAC,47.19790153,1.390620129,3764.70241,65.2154,8.0652,2.915637354,1.9067,0.71496
The Mosaic Company,NYSE:MOS,22.51606525,0.685560596,6901.0555,32.1207,3.3365,3.012756933,2.4801,1.38633
"The PNC Financial Services Group, Inc.",NYSE:PNC,17.56987141,1.497864721,67916.41386,0,23.6927,8.609584403,1.3657,1.11176
The Procter & Gamble Company,NYSE:PG,32.82236534,6.808108126,310878.6099,39.2893,13.8337,20.65161539,8.0963,0.59762
The Progressive Corporation,NYSE:PGR,16.3559511,3.052235432,41600.136,24.3216,6.9954,19.21212666,5.3388,0.82631
The Sherwin-Williams Company,NYSE:SHW,46.8061468,13.13581712,52689.1901,72.536,6.3394,29.05151672,6.5911,1.039
The Southern Company,NYSE:SO,25.59053458,2.313366869,63647.66579,59.8297,11.2976,9.126990388,2.8983,0.19872
"The TJX Companies, Inc.",NYSE:TJX,27.56300833,13.10956549,72660.26382,67.4212,6.5494,48.72769731,13.5573,0.85375
"The Travelers Companies, Inc.",NYSE:TRV,20.06704417,1.356972863,34749.72236,21.3447,5.6085,6.828866857,1.8392,0.76654
The Walt Disney Company,NYSE:DIS,38.66082,2.99241849,266015.9635,31.3578,9.087,7.625988641,5.1067,0.8598
The Western Union Company,NYSE:WU,19.75952678,-566.7092924,11148.0159,100.5664,10.829,11218.67445,7.4915,0.79497
"The Williams Companies, Inc.",NYSE:WMB,28.47634953,2.068768026,28107.41251,57.1334,11.8974,7.201674932,3.0944,0.94727
Thermo Fisher Scientific Inc.,NYSE:TMO,53.90784416,4.344993702,127547.2895,37.7095,9.37,8.14172331,4.6911,1.12103
Tiffany & Co.,NYSE:TIF,37.45392995,5.113263598,16004.00116,40.6414,9.8408,13.59204891,7.9326,0.92974
"T-Mobile US, Inc.",NasdaqGS:TMUS,19.82465462,2.298862614,63842.99143,61.4976,7.1987,11.75880884,5.0242,0.91182
Tractor Supply Company,NasdaqGS:TSCO,26.35603326,7.706090059,11487.01551,66.1396,5.3567,28.87952607,10.5526,1.03707
TransDigm Group Incorporated,NYSE:TDG,41.56531453,-10.52746273,30525.23635,120.2754,14.7734,-34.745545,9.2207,1.10687
"TripAdvisor, Inc.",NasdaqGS:TRIP,32.09223398,2.446818586,4033.30631,9.301,7.9567,7.794541953,5.1502,1.59181
Truist Financial Corporation,NYSE:TFC,15.14873587,1.409849353,41135.17134,0,24.0137,9.389747124,1.4428,1.07725
"Twitter, Inc.",NYSE:TWTR,86.30431098,2.810523779,23671.8717,23.2202,8.0752,3.262647853,2.4868,0.71716
"Tyson Foods, Inc.",NYSE:TSN,21.01870282,2.299910514,32316.06909,45.6151,3.6039,10.98269741,5.8113,0.66894
U.S. Bancorp,NYSE:USB,17.0846273,1.95843361,92540.15547,0,25.9536,11.58492263,1.5363,1.01138
"UDR, Inc.",NYSE:UDR,279.0461997,4.284801541,13717.83073,48.3505,4.189,1.584075953,1.7887,0.4725
"Ulta Beauty, Inc.",NasdaqGS:ULTA,26.09293456,7.803722305,14384.0801,51.0893,7.798,30.10686324,13.5348,0.6481
"Under Armour, Inc.",NYSE:UAA,77.87467045,4.025427282,8283.19064,37.6399,2.1278,5.297126811,2.9296,1.69652
Union Pacific Corporation,NYSE:UNP,25.5701431,6.734525358,121103.1699,60.5517,21.8509,26.40231113,8.9094,1.01494
"United Airlines Holdings, Inc.",NasdaqGS:UAL,9.354313712,1.952959748,22019.85842,64.0564,5.7189,21.99209362,5.9127,0.92641
"United Parcel Service, Inc.",NYSE:UPS,25.04014699,18.0291022,100185.1115,82.6105,5.5,80.37467086,7.0407,1.27717
"United Rentals, Inc.",NYSE:URI,11.88240379,3.257694714,11797.22775,77.2017,11.3031,28.37831176,7.8371,1.82678
United Technologies Corporation,NYSE:UTX,22.8033557,3.111855648,125724.1675,52.4001,7.2508,13.59284134,5.3367,0.99439
UnitedHealth Group Incorporated,NYSE:UNH,25.48908604,4.83005108,265749.8876,42.9028,4.3838,19.29132278,7.3457,1.01369
"Universal Health Services, Inc.",NYSE:UHS,18.93733665,2.351577206,12672.64064,43.8931,6.1209,12.47715336,7.0277,0.90872
Unum Group,NYSE:UNM,7.666016617,0.646418224,6227.24523,26.9359,7.0683,8.578979609,1.4631,1.3082
V.F. Corporation,NYSE:VFC,30.21980739,7.866399933,36606.58702,45.6518,8.4905,27.46720446,11.108,0.80906
Valero Energy Corporation,NYSE:VLO,21.82329917,1.807936039,38145.53228,33.4996,1.7088,8.276107461,4.1794,1.12806
"Varian Medical Systems, Inc.",NYSE:VAR,39.75215579,7.148773253,12654.75775,18.742,9.8818,18.12962355,8.466,1.07261
"Ventas, Inc.",NYSE:VTR,68.47733625,1.969202856,21003.67512,52.6304,7.8789,2.850237329,2.454,0.19261
"VeriSign, Inc.",NasdaqGS:VRSN,48.18934719,-15.3965387,22298.31918,520.439,38.2996,-32.36115958,26.5662,1.00318
"Verisk Analytics, Inc.",NasdaqGS:VRSK,54.32900112,11.64204267,24057.72989,58.7976,17.3974,20.70641532,8.6448,0.75838
Verizon Communications Inc.,NYSE:VZ,15.41657307,4.287329705,252613.6995,68.6172,12.4785,28.3729677,7.2099,0.60585
Vertex Pharmaceuticals Incorporated,NasdaqGS:VRTX,107.1284226,10.77366153,56572.90936,11.0076,14.5205,10.22384465,8.2999,1.20689
ViacomCBS Inc.,NasdaqGS:VIAC,9.795577411,2.767963183,23065.43,67.5133,9.3085,29.1189662,7.5311,0.91744
Visa Inc.,NYSE:V,42.04464341,13.45103575,392193.4617,32.5384,41.2151,31.93364778,13.609,1.03657
Vornado Realty Trust,NYSE:VNO,-211.4201012,2.024913129,12521.68956,48.5388,-2.8609,-0.974580909,1.8456,0.68306
Vulcan Materials Company,NYSE:VMC,40.89286586,3.400545854,18847.29575,36.6361,9.529,8.442140908,5.4403,0.88893
W. R. Berkley Corporation,NYSE:WRB,24.66456755,2.109601629,12776.41269,29.6367,6.8234,8.597911282,2.4355,0.61823
"W.W. Grainger, Inc.",NYSE:GWW,22.91617986,9.48690886,17750.00802,53.6776,6.9658,41.09997929,14.8681,1.10058
Wabtec Corporation,NYSE:WAB,27.05230956,1.480608184,14357.0179,32.7834,5.8354,5.393226166,3.8959,1.31388
"Walgreens Boots Alliance, Inc.",NasdaqGS:WBA,19.08299012,2.209145657,51512.15232,42.6049,2.0467,11.47554753,4.4373,1.04429
Walmart Inc.,NYSE:WMT,28.74430851,4.715222362,337623.8174,49.4513,2.2763,16.57984503,5.8352,0.6584
"Waste Management, Inc.",NYSE:WM,32.42302442,6.964106097,47260.46968,67.0901,9.4467,21.98686354,7.0045,0.64283
Waters Corporation,NYSE:WAT,36.48098757,129.0895458,14753.5393,92.5793,18.3701,125.5312872,13.7806,1.05058
"WEC Energy Group, Inc.",NYSE:WEC,37.64390289,2.809765418,28240.94882,54.7528,9.8032,7.477011006,2.7857,0.18279
"WellCare Health Plans, Inc.",NYSE:WCG,28.53440489,3.276182574,15914.09419,32.1162,2.0607,11.78823742,4.7107,0.82082
Wells Fargo & Company,NYSE:WFC,14.22764772,1.312856687,224875.0288,0,20.1502,9.27096311,1.2193,1.03604
Welltower Inc.,NYSE:WELL,106.2851905,2.157423616,32938.75329,45.8592,5.9139,2.046802551,2.5446,0.26934
Western Digital Corporation,NasdaqGS:WDC,-26.28058006,1.590932526,15188.4496,52.2535,-3.6542,-5.898756221,-1.2094,1.40031
WestRock Company,NYSE:WRK,15.24882643,0.892698166,10417.698,46.2695,3.718,5.809212131,3.4106,1.50629
Weyerhaeuser Company,NYSE:WY,101.5511391,2.541334595,21855.02665,43.9841,3.2463,2.484180359,2.5358,1.07334
Whirlpool Corporation,NYSE:WHR,12.64445555,3.041809906,9239.80725,61.6713,3.5711,25.21827805,3.9501,1.18766
Willis Towers Watson Public Limited Company,NasdaqGS:WLTW,35.12534441,2.527645349,24995.81977,41.098,8.2186,7.135124083,2.5802,0.90071
"Wynn Resorts, Limited",NasdaqGS:WYNN,76.09660862,6.727818189,12908.0537,85.371,2.5567,8.557236506,4.669,1.39571
Xcel Energy Inc.,NasdaqGS:XEL,36.44016626,2.480458805,32595.96405,60.9572,7.5844,6.951452592,2.4809,0.24541
Xerox Holdings Corporation,NYSE:XRX,12.24779996,1.647070497,7895.19529,50.2681,7.3309,13.35709014,4.3564,1.64871
"Xilinx, Inc.",NasdaqGS:XLNX,38.58088752,8.755917263,23605.24409,32.6115,18.5786,23.03103563,11.878,0.98466
Xylem Inc.,NYSE:XYL,35.10078398,4.794554315,13835.45966,47.1232,7.48,13.64048798,5.8705,1.1387
"YUM! Brands, Inc.",NYSE:YUM,40.19954238,-3.721171121,30076.83838,346.409,13.974,-9.331252563,25.606,0.54793
"Zimmer Biomet Holdings, Inc.",NYSE:ZBH,42.31599551,2.501780057,30237.65806,41.6224,8.9673,6.007249646,3.5064,1.05121
"Zions Bancorporation, National Association",NasdaqGS:ZION,13.06277261,1.222891968,8495.06671,0,24.7144,9.4782637,1.2531,1.11304
Zoetis Inc.,NYSE:ZTS,51.26013815,21.99652855,58851.53533,71.3091,18.7804,45.21118215,11.7056,1.04226